아벨,PID_アベル
알파드,PID_アルファルド
알폰스,PID_比翼アルフォンス
알폰스,PID_アルフォンス
알폰스,PID_春祭アルフォンス
알폰스,PID_愛の祭アルフォンス
아름,PID_アルム
아름,PID_総選挙アルム
아름,PID_比翼アルム
아름,PID_伝承アルム
알테나,PID_アルテナ
올티나,PID_双界オルティナ
올티나,PID_神階オルティナ
아멜리아,PID_アメリア
안나,PID_アンナ
안나,PID_覚醒アンナ
안나,PID_年明アンナ
마냐,PID_マーニャ
아네트,PID_アネット
아단,PID_アーダン
아레스,PID_アレス
셴메이,PID_シェンメイ
아서,PID_アーサー
해럴드,PID_ハロルド
아스레이,PID_冬祭アスレイ
아르발,PID_神階ラルヴァ
알비스,PID_アルヴィス
아스벨,PID_アスベル
아슈,PID_アシュ
애쉬,PID_水着アッシュ
아스타르테,PID_神階アスタルテ
아슈나드,PID_暴走アシュナード
아스크,PID_神階アスク
아스트리아,PID_アストリア
스텔라,PID_ステラ
아테나,PID_アテナ
아틀라스,PID_アトラス
아우구스트,PID_アウグスト
인버스,PID_インバース
아이라,PID_アイラ
아사마,PID_アサマ
아젤,PID_アゼル
아쿠아,PID_年明けアクア
아쿠아,PID_双界アクア
아쿠아,PID_舞踏祭黒アクア
아쿠아,PID_アクア
아쿠아,PID_伝承アクア
아쿠아,PID_幼少アクア
발타자르,PID_バルタザール
바누투,PID_バヌトゥ
바츠,PID_バーツ
바아톨,PID_春祭バアトル
바아톨,PID_バアトル
바질리오,PID_バジーリオ
브노와,PID_ブノワ
베르크트,PID_舞踏ベルクト
베르크트,PID_ベルクト
베르크트,PID_闇ベルクト
베르나데타,PID_ベルナデッタ
베르나데타,PID_冬祭ベルナデッタ
베우포레스,PID_ベウフォレス
베르카,PID_ベルカ
칠흑의 기사,PID_漆黒の騎士
보이,PID_ボーイ
보레,PID_幼少ボーレ
브레디,PID_ブレディ
브라미몬드,PID_神階ブラミモンド
도적 두목,PID_盗賊頭
브리기드,PID_海賊ブリギッド
브루냐,PID_ブルーニャ
브루노,PID_春祭ブルーノ
벨레스,PID_比翼ベレス
벨레스,PID_ベレス
벨레스,PID_総選挙ベレス
벨레트,PID_ベレト
벨레스,PID_伝承ベレス
벨레트,PID_伝承ベレト
시다,PID_伝承シーダ
시다,PID_幼少シーダ
시다,PID_双界シーダ
시다,PID_花嫁シーダ
시다,PID_シーダ
케세르다,PID_ケセルダ
카인,PID_カイン
카이네기스,PID_カイネギス
카밀라,PID_カミラ
카밀라,PID_夢カミラ
카밀라,PID_年明けカミラ
카밀라,PID_総選挙カミラ
카밀라,PID_忍者カミラ
카밀라,PID_春祭カミラ
카밀라,PID_温泉カミラ
카밀라,PID_水着カミラ
카뮤,PID_カミュ
카나스,PID_カナス
카스파르,PID_水着カスパル
캐스,PID_怪盗キャス
캐스,PID_キャス
카트린,PID_カトリーヌ
카츄아,PID_双界外伝カチュア
카츄아,PID_カチュア
카츄아,PID_外伝カチュア
카츄아,PID_春祭カチュア
세실리아,PID_花嫁セシリア
세실리아,PID_セシリア
세실리아,PID_冬祭セシリア
세티,PID_セティ
세리카,PID_セリカ
세리카,PID_魔女セリカ
세리카,PID_伝承セリカ
세리카,PID_開花セリカ
세리카,PID_総選挙セリカ
세르반테스,PID_セルバンテス
챠드,PID_チャド
샤를로테,PID_花嫁シャーロッテ
샤를로테,PID_シャーロッテ
세르쥬,PID_忍者セルジュ
세르쥬,PID_セルジュ
크롬,PID_伝承クロム
크롬,PID_クロム
크롬,PID_比翼クロム
크롬,PID_総選挙クロム
크롬,PID_冬祭クロム
크롬,PID_クロム2
크롬,PID_春祭クロム
클레어,PID_クレア
클라리네,PID_クラリーネ
클라이네,PID_クライネ
클로드,PID_総選挙クロード
클로드,PID_伝承クロード
클로드,PID_クロード
클로드,PID_水着クロード
클레베,PID_クレーベ
코마,PID_コーマ
콘라트,PID_コンラート
콘라트,PID_愛の祭コンラート
콘스탄체,PID_コンスタンツェ
티아모,PID_水着ティアモ
티아모,PID_ティアモ
티아모,PID_花嫁ティアモ
쿠거,PID_クーガー
카무이,PID_暴走カムイ男
카무이,PID_ハロカムイ男
카무이,PID_伝承カムイ女
카무이,PID_忍者カムイ男
카무이,PID_夢カムイ男
카무이,PID_夢カムイ女
카무이,PID_年明けカムイ男
카무이,PID_カムイ男
카무이,PID_カムイ女
카무이,PID_比翼カムイ女
카무이,PID_水着カムイ女
카무이,PID_ハロカムイ女
카무이,PID_暴走カムイ女
신시아,PID_シンシア
다그,PID_比翼ダグ
다그,PID_ダグ味方
다로스,PID_海賊ダロス
사신기사,PID_死神騎士
두두,PID_ドゥドゥ―
딘,PID_ハタリディーン
디아도라,PID_伝承ディアドラ
디아도라,PID_ディアドラ
듀테,PID_デューテ
듀테,PID_春祭デューテ
듀테,PID_催眠デューテ
데긴헨더,PID_ハロデギンハンザー
디크,PID_ディーク
디미트리,PID_総選挙ディミトリ
디미트리,PID_闇ディミトリ
디미트리,PID_伝承ディミトリ
디미트리,PID_水着ディミトリ
디미트리,PID_ディミトリ
디트바,PID_ディートバ
도니,PID_ドニ
돌카스,PID_ハロドルカス
돌카스,PID_ドルカス
도로테아,PID_水着ドロテア
도로테아,PID_双界ドロテア
도즈라,PID_ハロドズラ
드가,PID_ドーガ
듀셀,PID_デュッセル
도마,PID_神階ドーマ
도마,PID_比翼ドーマ
에키드나,PID_エキドナ
에델가르트,PID_総選挙エーデル
에델가르트,PID_伝承エーデルガルト
에델가르트,PID_覇骸エーデルガルト
에델가르트,PID_双界エーデルガルト
에델가르트,PID_エーデルガルト
엘피,PID_エルフィ
에일,PID_開花エイル味方
에일,PID_神階エイル
에일,PID_年明エイル
에이리크,PID_エイリーク2
에이리크,PID_水着エイリーク
에이리크,PID_冬祭エイリーク
에이리크,PID_伝承エイリーク
에이리크,PID_総選挙エイリーク
에이리크,PID_エイリーク
에이리크,PID_比翼エイリーク
에이트리,PID_エイトリ味方
엘트샨,PID_エルトシャン
엘트샨,PID_舞踏エルトシャン
엘레오노라,PID_エレオノーラ
엘리민,PID_神階エリミーヌ
에린시아,PID_夏祭エリンシア
에린시아,PID_エリンシア
에린시아,PID_水着エリンシア
엘리제,PID_温泉エリーゼ
엘리제,PID_エリーゼ
엘리제,PID_水着エリーゼ
엘리우드,PID_伝承エリウッド
엘리우드,PID_愛の祭エリウッド
엘리우드,PID_エリウッド
엘리우드,PID_総選挙エリウッド
에메리나,PID_エメリナ
이나,PID_ハロイナ
에프람,PID_比翼エフラム
에프람,PID_伝承エフラム
에프람,PID_エフラム
에프람,PID_総選挙エフラム
에프람,PID_冬祭エフラム
에레미야,PID_エレミヤ
퓨리,PID_フュリー
엘크,PID_エルク
에스트,PID_エスト
에스트,PID_春祭エスト
에스트,PID_外伝エスト
에슬린,PID_舞踏エスリン
에슬린,PID_エスリン
유안,PID_ユアン
에벨,PID_エーヴェル
화,PID_伝承ファ
화,PID_ファ
화,PID_冬祭ファ
파프니르,PID_年明ファフニール
파리나,PID_ファリナ
에피,PID_エフィ
에피,PID_愛の祭エフィ
펠리시아,PID_フェリシア
펠리시아,PID_行楽フェリシア
펠릭스,PID_冬祭フェリクス
페르디난트,PID_フェルディナント
페르난,PID_フェルナン
핀,PID_フィン
피오라,PID_フィオーラ
피오라,PID_水着フィオーラ
필,PID_春祭フィル
필,PID_フィル
피요름,PID_花嫁フィヨルム
피요름,PID_開花フィヨルム味方
피요름,PID_年明フィヨルム
피요름,PID_フィヨルム
염제,PID_炎帝
플라비아,PID_フラヴィア
흐렌,PID_フレン
플로라,PID_フローラ
플로라,PID_行楽フローラ
플로리나,PID_開花フロリーナ
플로리나,PID_フロリーナ
폴레오,PID_フォレオ
폴스,PID_フォルス
프레데릭,PID_水着フレデリク
프레데릭,PID_フレデリク
프레이야,PID_水着フレイヤ
프레이야,PID_フレイヤ味方
프로지,PID_水着フロージ
가이아,PID_ガイア
가이아,PID_水着ガイア
게일,PID_ゲイル
가르자스,PID_ガルザス
갼렐,PID_ギャンレル
가론,PID_ガロン
문지기,PID_総選挙門番
가트리,PID_ガトリー
기스,PID_海賊ギース
제니,PID_行楽ジェニー
제니,PID_ジェニー
지스트,PID_ジスト
제롬,PID_ジェローム
가네프,PID_ガーネフ
곤잘레스,PID_ゴンザレス
고든,PID_ゴードン
그레이,PID_グレイ
그레고,PID_グレゴ
그레일,PID_愛の祭グレイル
기네비어,PID_ギネヴィア
스리즈,PID_水着スリーズ
스리즈,PID_スリーズ
스리즈,PID_年明スリーズ
군터,PID_ギュンター
구스타프,PID_愛の祭グスタフ
구스타프,PID_グスタフ味方
기이,PID_ギィ
웬디,PID_ウェンディ
하르,PID_ハール
하르,PID_忍者ハール
카자하나,PID_忍者カザハナ
카자하나,PID_カザハナ
하피,PID_ハピ
하딘,PID_暗黒ハーディン
호크아이,PID_ホークアイ
히스,PID_ヒース
히스,PID_忍者ヒース
헥토르,PID_総選挙ヘクトル
헥토르,PID_比翼ヘクトル
헥토르,PID_ヘクトル
헥토르,PID_愛の祭ヘクトル
헥토르,PID_伝承ヘクトル
헬,PID_ヘル味方
헬빈디,PID_ヘルビンディ味方
헬빈디,PID_水着ヘルビンディ
헨리에테,PID_愛の祭ヘンリエッテ
헨리,PID_ハロヘンリー
헨리,PID_春祭ヘンリー
헨리,PID_ヘンリー
힐다,PID_比翼ヒルダ
힐다,PID_開花ヒルダ
힐다,PID_冬祭ヒルダ
힐다,PID_ヒルダ
힐다,PID_聖戦ヒルダ
히나타,PID_花婿ヒナタ
히나타,PID_ヒナタ
히노카,PID_ヒノカ2
히노카,PID_比翼ヒノカ
히노카,PID_温泉ヒノカ
히노카,PID_ヒノカ
홀스트,PID_ホルスト
프리즈,PID_フリーズ
프리즈,PID_年明フリーズ
휴베르트,PID_ヒューベルト
휴,PID_ヒュウ
맥베스,PID_マクベス
이둔,PID_イドゥン
이둔,PID_開花イドゥン
이둔,PID_比翼イドゥン
이그나츠,PID_冬祭イグナーツ
이글레느,PID_イグレーヌ
이글레느,PID_忍者イグレーヌ
아이크,PID_総選挙アイク
아이크,PID_比翼アイク
아이크,PID_愛の祭アイク
아이크,PID_伝承アイク
아이크,PID_アイク
아이크,PID_暴走アイク
이레스,PID_幼少イレース
이레스,PID_イレース
이레스,PID_ハロイレース
잉그리트,PID_イングリット
잉그리트,PID_水着イングリット
아주르,PID_春祭アズール
아주르,PID_舞踏祭アズール
히니어스,PID_水着ヒーニアス
히니어스,PID_幼少ヒーニアス
히니어스,PID_ヒーニアス
이슈타르,PID_開花イシュタル
이슈타르,PID_舞踏イシュタル
이슈타르,PID_イシュタル
이츠키,PID_樹
쟈팔,PID_ジャファル
쟈팔,PID_冬祭ジャファル
제이건,PID_ジェイガン
조커,PID_ハロジョーカー
조커,PID_ジョーカー
쟈므카,PID_ジャムカ
죠르쥬,PID_ジョルジュ
제랄트,PID_ジェラルト
질,PID_ジル
조지,PID_ジョージ
요슈아,PID_開花ヨシュア
요슈아,PID_ヨシュア
요슈아,PID_水着ヨシュア
유리아,PID_伝承ユリア
유리아,PID_催眠ユリア
유리아,PID_ユリア
유리아,PID_聖祭ユリア
줄리앙,PID_ジュリアン
율리우스,PID_ユリウス
유노,PID_花嫁ユーノ
니시키,PID_ニシキ
니시키,PID_年明ニシキ
카게로,PID_ハロカゲロウ
카게로,PID_カゲロウ
카게로,PID_春祭カゲロウ
카무이,PID_外伝カムイ
칸나,PID_カンナ女
칸나,PID_カンナ男
카렐,PID_カレル
카린,PID_カリン
카아라,PID_ハタリカアラ
카아라,PID_カアラ
카타리나,PID_砂漠カタリナ
카타리나,PID_カタリナ
스즈카제,PID_スズカゼ
플란넬,PID_フランネル
플란넬,PID_年明フランネル
켐프후,PID_ケンプフ
켄트,PID_ケント
키리아,PID_霧亜
데젤,PID_デジェル
클레인,PID_クレイン
클리프,PID_クリフ
놀,PID_ノール
크리스,PID_砂漠クリス男
크리스,PID_クリス男
크리스,PID_クリス女
크로니예,PID_クロニエ
쿠르트나가,PID_ハロクルトナーガ
키사,PID_年明キサ
라첼,PID_ハロラーチェル
라첼,PID_ラーチェル
라첼,PID_幼少ラーチェル
라케시스,PID_舞踏ラケシス
라케시스,PID_ラケシス
레갸른,PID_水着レーギャルン
레갸른,PID_比翼レーギャルン
레갸른,PID_開花レーギャルン
레갸른,PID_年明レーギャルン
레갸른,PID_レーギャルン味方
레바테인,PID_水着レーヴァテイン
레바테인,PID_年明レーヴァテイン
레바테인,PID_忍者レーヴァテイン
레바테인,PID_レーヴァテイン味方
라크체,PID_ラクチェ
라크체,PID_聖祭ラクチェ
라람,PID_花嫁ララム
라람,PID_ララム
라즈왈드,PID_ラズワルド
리아네,PID_リアーネ
라갈트,PID_ラガルト
로로,PID_ローロー
리프,PID_双界リーフ
리프,PID_リーフ
리프,PID_伝承リーフ
레일라,PID_怪盗レイラ
레일라,PID_レイラ
레나,PID_レナ
리인,PID_リーン
레온,PID_行楽レオン
레온,PID_水着レオン
레온,PID_レオン
레오,PID_レオ
레오니,PID_水着レオニー
레테,PID_レテ
레테,PID_年明レテ
레티시아,PID_レティシア味方
레빈,PID_レヴィン
레빈,PID_聖祭レヴィン
렉스,PID_レックス
리베라,PID_リベラ
리브,PID_リーヴ2味方
리브,PID_リーヴ味方
리브,PID_比翼リーヴ
리피스,PID_海賊リフィス
리리나,PID_水着リリーナ
리리나,PID_花嫁リリーナ
리리나,PID_愛の祭リリーナ
리리나,PID_リリーナ
리리나,PID_伝承リリーナ
릴리스,PID_リリス
릴리스,PID_闇リリス
림스텔라,PID_リムステラ
린다,PID_リンダ
린다,PID_水着リンダ
린하르트,PID_リンハルト
라이나스,PID_ライナス
리즈,PID_冬祭リズ
리즈,PID_リズ
리즈,PID_愛の祭リズ
로이드,PID_ロイド
로키,PID_春祭ロキ
로키,PID_ロキ味方
론쿠,PID_ロンクー
로렌츠,PID_水着ローレンツ
루이즈,PID_花嫁ルイーズ
루이즈,PID_ルイーズ
루키나,PID_総選挙ルキナ
루키나,PID_愛の祭ルキナ
루키나,PID_ルキナ
루키나,PID_伝承ルキナ
루키나,PID_春祭ルキナ
루세아,PID_ルセア
루우,PID_ルゥ
루카,PID_行楽ルカ
루카,PID_ルカ
루크,PID_ルーク
루테,PID_ルーテ
루테,PID_水着ルーテ
류트,PID_リュート
류트,PID_春祭リュート
린,PID_炎部族リン
린,PID_総選挙リン
린,PID_花嫁リン
린,PID_水着リン
린,PID_リン
린,PID_伝承リン
린,PID_比翼リン
린,PID_愛の祭リン
리온,PID_魔王リオン
리온,PID_幼少リオン
리온,PID_リオン
리온,PID_水着リオン
리레,PID_年明リィレ
리시테아,PID_リシテア
리시테아,PID_総選挙リシテア
리시테아,PID_双界リシテア
메이,PID_メイ
마리스,PID_マリス
마모리,PID_まもり
마누엘라,PID_冬祭マヌエラ
마샤,PID_マーシャ
마리타,PID_開花マリータ
마리타,PID_マリータ
마리타,PID_魔剣マリータ
마리아,PID_マリア
마리아,PID_春祭マリア
마리안,PID_マリアンヌ
마리안,PID_総選挙マリアンヌ
마리아벨,PID_マリアベル
마리카,PID_マリカ
마리카,PID_春祭マリカ
마르스,PID_花婿マルス
마르스,PID_マルス
마르스,PID_仮面ルキナ
마르스,PID_伝承マルス
마르스,PID_幼少マルス
마르스,PID_総選挙マルス
마르스,PID_比翼マルス
마틸다,PID_マチルダ
마슈,PID_マシュー
메디우스,PID_神階メディウス
밀레디,PID_ミレディ
메르세데스,PID_メルセデス
메르세데스,PID_水着メルセデス
마리너스,PID_マリナス
마리크,PID_幼少マリク
마리크,PID_マリク
와유,PID_幼少ワユ
와유,PID_双界ワユ
와유,PID_ワユ
와유,PID_ハロワユ
미카야,PID_比翼ミカヤ
미카야,PID_ミカヤ
미카야,PID_総選挙ミカヤ
미카야,PID_伝承ミカヤ
미카야,PID_夏祭ミカヤ
미카야,PID_水着ミカヤ
미셰일,PID_ミシェイル
미도리코,PID_ミドリコ
미코토,PID_夢ミコト
미라,PID_神階ミラ
미네르바,PID_幼少ミネルバ
미네르바,PID_ミネルバ
미네르바,PID_春祭ミネルバ
루피너스,PID_神階ルピナス
루피너스,PID_冬祭ルピナス
미란다,PID_ミランダ
미리엘,PID_ミリエル
미스트,PID_ミスト
미스트,PID_愛の祭ミスト
모니카,PID_モニカ
모우디,PID_炎部族モゥディ
모우디,PID_モゥディ
마크,PID_闇マーク女
마크,PID_闇マーク男
마크,PID_マーク男
마크,PID_マーク女
무와림,PID_闇ムワリム
무스펠,PID_ムスペル味方
무스펠,PID_炎部族ムスペル
무스타파,PID_ムスタファー
미르라,PID_ミルラ
미르라,PID_伝承ミルラ
미르라,PID_ハロミルラ
미르라,PID_双界ミルラ
네사라,PID_海賊ネサラ
네사라,PID_ネサラ
나가,PID_神階ナーガ
나가,PID_ハロナーガ
나기,PID_ナギ
응응,PID_ンン
니케,PID_花嫁ニケ
니케,PID_ハタリニケ
니케,PID_ニケ
난나,PID_伝承ナンナ
난나,PID_聖祭ナンナ
난나,PID_ナンナ
나셴,PID_春祭ナーシェン
나셴,PID_ナーシェン
나타샤,PID_ナターシャ
나발,PID_忍者ナバール
나발,PID_ナバール
네이미,PID_ネイミー
네메시스,PID_ネメシス
네페니,PID_ネフェニー
네페니,PID_舞踏ネフェニー
니플,PID_ニフル味方
니플,PID_水着ニフル
니이메,PID_ニイメ
제로,PID_ゼロ
제로,PID_ハロゼロ
닐스,PID_ニルス
닐스,PID_ハロニルス
에포닌,PID_エポニーヌ
에포닌,PID_比翼エポニーヌ
니니안,PID_花嫁ニニアン
니니안,PID_催眠ニニアン
니니안,PID_伝承ニニアン
니니안,PID_ニニアン
니노,PID_冬祭ニノ
니노,PID_ニノ2
니노,PID_ニノ
느와르,PID_水着ノワール
노른,PID_水着ノルン
노른,PID_ノルン
노트,PID_ノート味方
노노,PID_ハロノノ
노노,PID_ノノ
닉스,PID_ニュクス
오보로,PID_花嫁オボロ
오보로,PID_オボロ
오딘,PID_オーディン
오그마,PID_水着オグマ
오그마,PID_オグマ
올리버,PID_オリヴァー
올리비에,PID_オリヴィエ
올리비에,PID_舞踏祭オリヴィエ
올리비에,PID_オリヴィエ2
올웬,PID_オルエン
올웬,PID_オルエン2
오펠리아,PID_オフェリア
오로치,PID_オロチ
올슨,PID_闇オルソン
오스카,PID_オスカー
오신,PID_オーシン
오트르,PID_オッテル味方
우드,PID_ウード
우드,PID_愛の祭ウード
파오라,PID_春祭パオラ
파오라,PID_パオラ
파오라,PID_外伝パオラ
파오라,PID_比翼パオラ
벨벳,PID_ベルベット
페레아스,PID_ペレアス
판트,PID_花婿パント
판트,PID_パント
피아니,PID_比翼ピアニー
피아니,PID_神階ピアニー
퍼시벌,PID_パーシバル
피에리,PID_ピエリ
페트라,PID_ペトラ
프라하,PID_プラハ
피레인,PID_フィレイン
피나,PID_フィーナ
플루메리아,PID_プルメリア味方
플루메리아,PID_年明プルメリア
파리스,PID_パリス
프리실라,PID_プリシラ
파이슨,PID_パイソン
큐안,PID_舞踏キュアン
큐안,PID_キュアン
라피엘,PID_花婿ラフィエル
레이,PID_レイ
라이,PID_ライ
라파엘,PID_砂漠ラファエル
라스,PID_ラス
레이반,PID_レイヴァン
레베카,PID_レベッカ
레긴,PID_年明レギン
레긴,PID_レギン
라인하르트,PID_舞踏ラインハルト
라인하르트,PID_ラインハルト
라인하르트,PID_ラインハルト2
레나크,PID_レナック
류시온,PID_リュシオン
샤라,PID_シャラ
레아,PID_暴走レア
레아,PID_ハロレア
킬로이,PID_水着キルロイ
리카드,PID_怪盗リカード
리히트,PID_リヒト
아브,PID_アーヴ
리네아,PID_舞踏リネア
린카,PID_炎部族リンカ
린카,PID_リンカ
루플레,PID_ハロルフレ男
루플레,PID_ハロルフレ女
루플레,PID_邪竜ルフレ男
루플레,PID_魔器ルフレ女
루플레,PID_伝承ルフレ女
루플레,PID_冬祭ルフレ男
루플레,PID_ルフレ男
루플레,PID_ルフレ女
루플레,PID_水着ルフレ女
루플레,PID_愛の祭ルフレ女
로디,PID_ロディ
요파,PID_ハロヨファ
로난,PID_ロナン
로셰,PID_ロシェ
로스,PID_ロス
로이,PID_双界ロイ
로이,PID_伝承ロイ
로이,PID_総選挙ロイ
로이,PID_ロイ
로이,PID_愛の祭ロイ
루돌프,PID_愛の祭ルドルフ
루트거,PID_ルトガー
료마,PID_夏祭リョウマ
료마,PID_リョウマ
료마,PID_温泉リョウマ
료마,PID_伝承リョウマ
세이버,PID_セーバー
사이아스,PID_サイアス
세인,PID_セイン
사이조,PID_サイゾウ
사쿠라,PID_ハロサクラ
사쿠라,PID_温泉サクラ
사쿠라,PID_サクラ
사레프,PID_春祭サレフ
세일럼,PID_セイラム
사나키,PID_花嫁サナキ
사나키,PID_サナキ
사라,PID_サラ
사울,PID_立会人サウル
사이리,PID_サイリ
스카사하,PID_スカサハ
자가로,PID_ザガロ
세이로스,PID_神階セイロス
루나,PID_ルーナ
세라이나,PID_セライナ
세라이나,PID_水着セライナ
세리스,PID_総選挙セリス
세리스,PID_セリス
세리스,PID_伝承セリス
키누,PID_キヌ
키누,PID_年明キヌ
세페란,PID_冬祭セフェラン
세라,PID_セーラ
세테스,PID_セテス
제트,PID_水着ゼト
제트,PID_ゼト
세츠나,PID_セツナ
세레나,PID_春祭セレナ
샤미아,PID_シャミア
샤미아,PID_忍者シャミア
샤니,PID_花嫁シャニー
샤니,PID_シャニー
샤난,PID_シャナン
샤론,PID_シャロン
샤론,PID_春祭シャロン
시마,PID_シーマ
세즈,PID_シェズ女
세즈,PID_シェズ男
시구레,PID_舞踏祭シグレ
시구레,PID_シグレ
시논,PID_シノン
시논,PID_忍者シノン
시노노메,PID_シノノメ
지크베르트,PID_ジークベルト
시그룬,PID_シグルーン
시그룬,PID_花嫁シグルーン
시글드,PID_比翼シグルド
시글드,PID_伝承シグルド
시글드,PID_シグルド
사이러스,PID_サイラス
실크,PID_シルク
실크,PID_愛の祭シルク
실비아,PID_シルヴィア
시리우스,PID_シリウス
솔레이유,PID_ソレイユ
솔론,PID_ソロン
소냐,PID_ソーニャ
소니아,PID_双界ソニア
소니아,PID_ソニア
소피야,PID_ハロソフィーヤ
소피야,PID_ソフィーヤ
소피야,PID_花嫁ソフィーヤ
세네리오,PID_愛の祭セネリオ
세네리오,PID_幼少セネリオ
세네리오,PID_セネリオ
사자,PID_怪盗サザ
사자,PID_サザ
소티스,PID_比翼ソティス
소티스,PID_神階ソティス
소티스,PID_冬祭ソティス
소르,PID_ソール
츠바키,PID_ツバキ
수,PID_スー
소와레,PID_ソワレ
스미아,PID_スミア
수르트,PID_海賊スルト
수르트,PID_スルト味方
실뱅,PID_水着シルヴァン
틸튜,PID_ティルテュ
타쿠미,PID_眷属タクミ
타쿠미,PID_水着タクミ
타쿠미,PID_年明けタクミ
타쿠미,PID_タクミ
타나,PID_幼少ターナ
타나,PID_水着ターナ
타나,PID_双界ターナ
타나,PID_ターナ
타니스,PID_タニス
타니스,PID_花嫁タニス
타니아,PID_タニア
티타,PID_ティータ
테티스,PID_テティス
사랴,PID_サーリャ
사랴,PID_砂漠サーリャ
사랴,PID_冬祭サーリャ
사랴,PID_花嫁サーリャ
티트,PID_ティト
토르,PID_比翼トール
토르,PID_トール味方
스라실,PID_スラシル味方
티반,PID_ティバーン
티반,PID_海賊ティバーン
치키,PID_水着チキ
치키,PID_チキ
치키,PID_総選挙覚醒チキ
치키,PID_双界チキ
치키,PID_伝承チキ
치키,PID_チキ覚醒
치키,PID_水着チキ覚醒
치키,PID_催眠チキ
티니,PID_ティニー
티아마트,PID_ティアマト
티아마트,PID_愛の祭ティアマト
로빈,PID_ロビン
트라반트,PID_トラバント
스카비오사,PID_スカビオサ味方
츠바사,PID_つばさ
울르,PID_神階ウル
우르슬라,PID_ウルスラ
우르슬라,PID_水着ウルスラ
발보,PID_バルボ
발터,PID_ヴァルター
벨드,PID_ベルド
벨루어,PID_年明ベロア
벨루어,PID_ベロア
베로니카,PID_愛の祭ヴェロニカ
베로니카,PID_総選挙ヴェロニカ
베로니카,PID_双界ヴェロニカ
베로니카,PID_春祭ヴェロニカ
비제,PID_海賊ビーゼ
비오르,PID_ヴィオール
폴카,PID_フォルカ
비라크,PID_ビラク
발하르트,PID_ヴァルハルト
울프,PID_ウルフ
월트,PID_水着ウォルト
리프,PID_リフ
마크스,PID_夏祭マークス
마크스,PID_伝承マークス
마크스,PID_マークス
마크스,PID_春祭マークス
마크스,PID_水着マークス
체이니,PID_ハロチェイニー
체이니,PID_ハタリチェイニー
샨브레,PID_シャンブレー
렌하,PID_レンハ
유르그,PID_水着ユルグ
유르그,PID_ユルグ
유미르,PID_ユーミル
윤느,PID_神階ユンヌ
율리스,PID_ユーリス
지크,PID_ジーク
제르기우스,PID_ゼルギウス
제롯,PID_花婿ゼロット
제필,PID_ゼフィール
제필,PID_冬祭若ゼフィール
츠이하크,PID_忍者ツイハーク
