흑표,MPID_HONOR_アベル
비호의 수도사,MPID_HONOR_アルファルド
비익의 아스크 남매,MPID_HONOR_比翼アルフォンス
아스크왕국의 왕자,MPID_HONOR_アルフォンス
봄빛의 아스크왕자,MPID_HONOR_春祭アルフォンス
왕국에 바치는 사랑,MPID_HONOR_愛の祭アルフォンス
예언의 용자,MPID_HONOR_アルム
패왕의 계보,MPID_HONOR_総選挙アルム
비익의 상사상애,MPID_HONOR_比翼アルム
천년왕조의 성왕,MPID_HONOR_伝承アルム
성광의 용기희,MPID_HONOR_アルテナ
시간을 초월한 만남,MPID_HONOR_双界オルティナ
새벽의 검성,MPID_HONOR_神階オルティナ
전장의 꽃,MPID_HONOR_アメリア
특무기관의 대장,MPID_HONOR_アンナ
비밀 많은 행상인,MPID_HONOR_覚醒アンナ
장사 번창 기원,MPID_HONOR_年明アンナ
호국의 천마기사,MPID_HONOR_マーニャ
노력중독,MPID_HONOR_アネット
"단단하다, 강하다, 느리다",MPID_HONOR_アーダン
흑기사,MPID_HONOR_アレス
미애의 노랫소리,MPID_HONOR_シェンメイ
분노의 마도전사,MPID_HONOR_アーサー
불운의 히어로,MPID_HONOR_ハロルド
백은의 수도사,MPID_HONOR_冬祭アスレイ
순환을 지켜보는 자,MPID_HONOR_神階ラルヴァ
신염의 황제,MPID_HONOR_アルヴィス
바람에 인도된 소년,MPID_HONOR_アスベル
아스크의 권속,MPID_HONOR_アシュ
바다의 기사도 이야기,MPID_HONOR_水着アッシュ
눈을 뜬 정의 여신,MPID_HONOR_神階アスタルテ
광왕,MPID_HONOR_暴走アシュナード
개신,MPID_HONOR_神階アスク
아카네이아의 용사,MPID_HONOR_アストリア
각오의 백작가 영애,MPID_HONOR_ステラ
변경의 검사,MPID_HONOR_アテナ
숲의 강완,MPID_HONOR_アトラス
시대를 읽는 군사,MPID_HONOR_アウグスト
어둠의 유녀,MPID_HONOR_インバース
유성의 검희,MPID_HONOR_アイラ
초연한 승려,MPID_HONOR_アサマ
젊은 불꽃,MPID_HONOR_アゼル
정월의 가희,MPID_HONOR_年明けアクア
무제의 가희들,MPID_HONOR_双界アクア
축제의 가희,MPID_HONOR_舞踏祭黒アクア
샘의 가희,MPID_HONOR_アクア
투마의 가희,MPID_HONOR_伝承アクア
어린 가희,MPID_HONOR_幼少アクア
레스터의 격투왕,MPID_HONOR_バルタザール
치키의 보호자,MPID_HONOR_バヌトゥ
타리스의 의용병,MPID_HONOR_バーツ
봄축제의 투사,MPID_HONOR_春祭バアトル
분노하는 투사,MPID_HONOR_バアトル
페리아의 서왕,MPID_HONOR_バジーリオ
무서운 얼굴의 중기사,MPID_HONOR_ブノワ
고귀한 장난,MPID_HONOR_舞踏ベルクト
교만한 왕자,MPID_HONOR_ベルクト
연옥의 왕자,MPID_HONOR_闇ベルクト
영원한 히키코모리,MPID_HONOR_ベルナデッタ
틀어박혀 있고 싶은 겨울축제,MPID_HONOR_冬祭ベルナデッタ
어둠에서 온 마장,MPID_HONOR_ベウフォレス
암살자,MPID_HONOR_ベルカ
사준의 장,MPID_HONOR_漆黒の騎士
쿨한 고생한 사람,MPID_HONOR_ボーイ
미래의 강완,MPID_HONOR_幼少ボーレ
무서운 얼굴의 승려,MPID_HONOR_ブレディ
비밀 많은 자,MPID_HONOR_神階ブラミモンド
난세의 흉풍,MPID_HONOR_盗賊頭
오거힐의 의적,MPID_HONOR_海賊ブリギッド
충애의 용장,MPID_HONOR_ブルーニャ
가면의 봄토끼,MPID_HONOR_春祭ブルーノ
주에 인도된 자,MPID_HONOR_比翼ベレス
용병 출신의 교사,MPID_HONOR_ベレス
패천현조,MPID_HONOR_総選挙ベレス
용병 출신의 교사,MPID_HONOR_ベレト
포드라를 인도하는 자,MPID_HONOR_伝承ベレス
포드라를 인도하는 자,MPID_HONOR_伝承ベレト
전승의 사랑의 왕비,MPID_HONOR_伝承シーダ
변방국의 어린 공주,MPID_HONOR_幼少シーダ
해변에 핀 꽃들,MPID_HONOR_双界シーダ
타리스의 신부,MPID_HONOR_花嫁シーダ
타리스의 왕녀,MPID_HONOR_シーダ
호목석,MPID_HONOR_ケセルダ
맹우,MPID_HONOR_カイン
갈리아의 사자왕,MPID_HONOR_カイネギス
요염한 꽃,MPID_HONOR_カミラ
몽환의 꽃,MPID_HONOR_夢カミラ
이문화 교류중,MPID_HONOR_年明けカミラ
암야를 비추는 월광,MPID_HONOR_総選挙カミラ
암야에 춤추는 꽃 ,MPID_HONOR_忍者カミラ
봄색의 암야왕녀,MPID_HONOR_春祭カミラ
수증기의 비밀,MPID_HONOR_温泉カミラ
달콤한 향기의 꽃,MPID_HONOR_水着カミラ
흑기사,MPID_HONOR_カミュ
지식의 탐구자,MPID_HONOR_カナス
작열의 맹특훈,MPID_HONOR_水着カスパル
괴도단 단장,MPID_HONOR_怪盗キャス
괴도,MPID_HONOR_キャス
뇌정의 기사,MPID_HONOR_カトリーヌ
푸른 쌍익,MPID_HONOR_双界外伝カチュア
백기의 차녀,MPID_HONOR_カチュア
냉정한 차녀,MPID_HONOR_外伝カチュア
봄색의 백기사,MPID_HONOR_春祭カチュア
에트루리아의 신부,MPID_HONOR_花嫁セシリア
왕국의 딸,MPID_HONOR_セシリア
겨울축제의 지도역,MPID_HONOR_冬祭セシリア
바람의 용자,MPID_HONOR_セティ
자애의 왕녀,MPID_HONOR_セリカ
사로잡힌 영혼,MPID_HONOR_魔女セリカ
발렌시아의 왕비,MPID_HONOR_伝承セリカ
발렌시아의 희망,MPID_HONOR_開花セリカ
여신의 신관전사,MPID_HONOR_総選挙セリカ
불패의 장,MPID_HONOR_セルバンテス
리키아의 산고양이,MPID_HONOR_チャド
목표는 신데렐라,MPID_HONOR_花嫁シャーロッテ
여자의 본성,MPID_HONOR_シャーロッテ
애용과 숨은 그림자,MPID_HONOR_忍者セルジュ
용을 좋아하는 용기사,MPID_HONOR_セルジュ
왕도를 걷는 자,MPID_HONOR_伝承クロム
새로운 성왕,MPID_HONOR_クロム
운명을 바꾸는 쌍익,MPID_HONOR_比翼クロム
각성한 정의,MPID_HONOR_総選挙クロム
붉은 성왕자,MPID_HONOR_冬祭クロム
이리스의 성기사,MPID_HONOR_クロム2
봄색의 성왕,MPID_HONOR_春祭クロム
고압적인 아가씨,MPID_HONOR_クレア
제멋대로인 공주장군,MPID_HONOR_クラリーネ
어둠의 저격수,MPID_HONOR_クライネ
팔미라 국왕,MPID_HONOR_総選挙クロード
세계를 잇는 왕,MPID_HONOR_伝承クロード
야망의 총아,MPID_HONOR_クロード
남국의 이단아,MPID_HONOR_水着クロード
이상을 위하여,MPID_HONOR_クレーベ
솜씨 좋은 도적,MPID_HONOR_コーマ
가면의 기사,MPID_HONOR_コンラート
가면 아래의 맨얼굴,MPID_HONOR_愛の祭コンラート
자복영애,MPID_HONOR_コンスタンツェ
수영복의 천재기사,MPID_HONOR_水着ティアモ
젊은 천재기사,MPID_HONOR_ティアモ
완전무결의 신부,MPID_HONOR_花嫁ティアモ
고고한 창,MPID_HONOR_クーガー
그 피에 잠든 짐승,MPID_HONOR_暴走カムイ男
별밤의 예언자,MPID_HONOR_ハロカムイ男
어두운 암룡의 신자,MPID_HONOR_伝承カムイ女
백야의 닌자견습?,MPID_HONOR_忍者カムイ男
몽경의 왕자,MPID_HONOR_夢カムイ男
몽상의 왕녀,MPID_HONOR_夢カムイ女
백야에서 신년맞이,MPID_HONOR_年明けカムイ男
미래를 선택한 왕자,MPID_HONOR_カムイ男
미래를 선택한 왕녀,MPID_HONOR_カムイ女
암야의 닌자자매?,MPID_HONOR_比翼カムイ女
처음의 여름휴가,MPID_HONOR_水着カムイ女
밤의 별하늘의 마녀,MPID_HONOR_ハロカムイ女
재앙의 혼의 통곡,MPID_HONOR_暴走カムイ女
영웅지원,MPID_HONOR_シンシア
거인자매의 신년,MPID_HONOR_比翼ダグ
양광의 빛,MPID_HONOR_ダグ味方
상냥한 바다의 남자,MPID_HONOR_海賊ダロス
어둠의 악귀,MPID_HONOR_死神騎士
디미트리의 종자,MPID_HONOR_ドゥドゥ―
모래먼지의 검사,MPID_HONOR_ハタリディーン
운명의 성녀,MPID_HONOR_伝承ディアドラ
정령숲의 소녀,MPID_HONOR_ディアドラ
제멋대로,MPID_HONOR_デューテ
봄색 천재 마도소녀,MPID_HONOR_春祭デューテ
타타라의 꼭두각시,MPID_HONOR_催眠デューテ
용린의 수확제,MPID_HONOR_ハロデギンハンザー
상처입은 호랑이,MPID_HONOR_ディーク
퍼거스 왕,MPID_HONOR_総選挙ディミトリ
광란의 왕자,MPID_HONOR_闇ディミトリ
구국의 왕,MPID_HONOR_伝承ディミトリ
여름색의 사자,MPID_HONOR_水着ディミトリ
청사자의 수호자,MPID_HONOR_ディミトリ
냉철한 천마기사,MPID_HONOR_ディートバ
마을사람,MPID_HONOR_ドニ
호박깨기 도끼,MPID_HONOR_ハロドルカス
냉정한 전사,MPID_HONOR_ドルカス
태양의 가희,MPID_HONOR_水着ドロテア
저녁노을을 비추는 쌍등,MPID_HONOR_双界ドロテア
수확제의 종자,MPID_HONOR_ハロドズラ
아리티아 중기사,MPID_HONOR_ドーガ
흑요석,MPID_HONOR_デュッセル
힘의 신,MPID_HONOR_神階ドーマ
힘과 사랑의 쌍룡신,MPID_HONOR_比翼ドーマ
서방의 여신,MPID_HONOR_エキドナ
아드라스테아 황제,MPID_HONOR_総選挙エーデル
불꽃의 여제,MPID_HONOR_伝承エーデルガルト
패도의 종착점,MPID_HONOR_覇骸エーデルガルト
여왕들의 여름,MPID_HONOR_双界エーデルガルト
흑수리를 잇는 자,MPID_HONOR_エーデルガルト
괴력의 중기사,MPID_HONOR_エルフィ
피어나는 자랑스러운 생명,MPID_HONOR_開花エイル味方
상냥한 사신,MPID_HONOR_神階エイル
새로 태어나는 생명,MPID_HONOR_年明エイル
추억의 상냥한 왕녀,MPID_HONOR_エイリーク2
물가의 상냥한 왕녀,MPID_HONOR_水着エイリーク
다정한 눈,MPID_HONOR_冬祭エイリーク
가련한 결의,MPID_HONOR_伝承エイリーク
맹세의 상냥한 왕녀,MPID_HONOR_総選挙エイリーク
벽풍의 상냥한 왕녀,MPID_HONOR_エイリーク
루네스의 어린 쌍광,MPID_HONOR_比翼エイリーク
어린 현자,MPID_HONOR_エイトリ味方
사자왕,MPID_HONOR_エルトシャン
용감하게 춤추는 사자,MPID_HONOR_舞踏エルトシャン
목표는 할리우드,MPID_HONOR_エレオノーラ
팔신장의 성녀,MPID_HONOR_神階エリミーヌ
여름하늘의 왕녀,MPID_HONOR_夏祭エリンシア
망국의 왕녀,MPID_HONOR_エリンシア
파도치는 때의 여왕,MPID_HONOR_水着エリンシア
명탕의 꽃,MPID_HONOR_温泉エリーゼ
귀여운 꽃,MPID_HONOR_エリーゼ
남국의 꽃,MPID_HONOR_水着エリーゼ
열화의 용기사,MPID_HONOR_伝承エリウッド
그대에게 바치는 사랑,MPID_HONOR_愛の祭エリウッド
리키아 제일의 기사,MPID_HONOR_エリウッド
페레 후작,MPID_HONOR_総選挙エリウッド
자애의 여왕,MPID_HONOR_エメリナ
가을색의 군사,MPID_HONOR_ハロイナ
비익의 왕자와 황자,MPID_HONOR_比翼エフラム
전승의 용왕,MPID_HONOR_伝承エフラム
창공의 용왕,MPID_HONOR_エフラム
쌍성의 용왕,MPID_HONOR_総選挙エフラム
용감한 빛,MPID_HONOR_冬祭エフラム
비탄의 사제,MPID_HONOR_エレミヤ
성실한 천마기사,MPID_HONOR_フュリー
예지의 마도사,MPID_HONOR_エルク
백기의 막내,MPID_HONOR_エスト
봄빛의 천마기사,MPID_HONOR_春祭エスト
천진난만한 막내,MPID_HONOR_外伝エスト
빛과 춤추는 공녀,MPID_HONOR_舞踏エスリン
말괄량이 아가씨,MPID_HONOR_エスリン
천진난만한 마도,MPID_HONOR_ユアン
피아나의 여신,MPID_HONOR_エーヴェル
무구한 신룡,MPID_HONOR_伝承ファ
신이라고 불리는 용,MPID_HONOR_ファ
웃는 얼굴의 선물,MPID_HONOR_冬祭ファ
야망의 신년,MPID_HONOR_年明ファフニール
좋은 수완의 천마기사,MPID_HONOR_ファリナ
한결같은 연심,MPID_HONOR_エフィ
당신에게 일직선,MPID_HONOR_愛の祭エフィ
덜렁이 메이드,MPID_HONOR_フェリシア
도시락도 반푼이,MPID_HONOR_行楽フェリシア
한 마리 늑대의 겨울축제,MPID_HONOR_冬祭フェリクス
귀족 중의 귀족,MPID_HONOR_フェルディナント
배신의 기사,MPID_HONOR_フェルナン
전설의 창기사,MPID_HONOR_フィン
더러워지지 않는 백익,MPID_HONOR_フィオーラ
한여름의 이리아 기사,MPID_HONOR_水着フィオーラ
검사의 봄모습,MPID_HONOR_春祭フィル
검성을 이은 자,MPID_HONOR_フィル
빙설의 신부,MPID_HONOR_花嫁フィヨルム
꽃핀 얼음의 공주,MPID_HONOR_開花フィヨルム味方
첫 참배의 얼음공주,MPID_HONOR_年明フィヨルム
얼음의 공주,MPID_HONOR_フィヨルム
전란을 일으키는 자,MPID_HONOR_炎帝
페리아의 동왕,MPID_HONOR_フラヴィア
시치미떼는 아가씨,MPID_HONOR_フレン
얼음의 메이드,MPID_HONOR_フローラ
도시락도 완벽,MPID_HONOR_行楽フローラ
맑은 하늘의 천마기사,MPID_HONOR_開花フロリーナ
귀여운 천마기사,MPID_HONOR_フロリーナ
사랑스러운 왕자,MPID_HONOR_フォレオ
성실한 부관,MPID_HONOR_フォルス
해안선의 수호자,MPID_HONOR_水着フレデリク
온화한 기사단장,MPID_HONOR_フレデリク
물거품의 여름,MPID_HONOR_水着フレイヤ
악몽의 여왕,MPID_HONOR_フレイヤ味方
여름색의 꿈,MPID_HONOR_水着フロージ
과자를 좋아하는 도적,MPID_HONOR_ガイア
과자를 숨길 수 없어,MPID_HONOR_水着ガイア
창공의 용기사,MPID_HONOR_ゲイル
오드의 흑검사,MPID_HONOR_ガルザス
암우왕,MPID_HONOR_ギャンレル
암야왕,MPID_HONOR_ガロン
대수도원의,MPID_HONOR_総選挙門番
금세 사랑에 빠지는 중보병,MPID_HONOR_ガトリー
바다와 함께 살아간다,MPID_HONOR_海賊ギース
꾸미는게 정말 좋아,MPID_HONOR_行楽ジェニー
응석받이,MPID_HONOR_ジェニー
사막의 호랑이,MPID_HONOR_ジスト
철가면의 용기사,MPID_HONOR_ジェローム
어둠의 마왕,MPID_HONOR_ガーネフ
마음씨 고운 산적,MPID_HONOR_ゴンザレス
아리티아의 궁병,MPID_HONOR_ゴードン
의지할 수 있는 형님,MPID_HONOR_グレイ
대담한 용병,MPID_HONOR_グレゴ
용감한 뒷모습,MPID_HONOR_愛の祭グレイル
베른의 왕녀,MPID_HONOR_ギネヴィア
여름모습의 미소,MPID_HONOR_水着スリーズ
꿈의 미소,MPID_HONOR_スリーズ
첫 꿈의 미소,MPID_HONOR_年明スリーズ
노기사,MPID_HONOR_ギュンター
왕이라는 자의 사랑,MPID_HONOR_愛の祭グスタフ
죽은 왕,MPID_HONOR_グスタフ味方
쿠트라 족의 전사,MPID_HONOR_ギィ
귀여운 중기사,MPID_HONOR_ウェンディ
흑질풍,MPID_HONOR_ハール
질풍의 운반책,MPID_HONOR_忍者ハール
말괄량이 쿠노이치,MPID_HONOR_忍者カザハナ
말괄량이 사무라이,MPID_HONOR_カザハナ
마물을 부르는 한숨,MPID_HONOR_ハピ
암흑황제,MPID_HONOR_暗黒ハーディン
사막의 수호자,MPID_HONOR_ホークアイ
국경없는 기사,MPID_HONOR_ヒース
용기사 닌자의 길,MPID_HONOR_忍者ヒース
위대한 중기사,MPID_HONOR_総選挙ヘクトル
비익의 맹주,MPID_HONOR_比翼ヘクトル
오스티아의 용장,MPID_HONOR_ヘクトル
사랑 축제의 투기자,MPID_HONOR_愛の祭ヘクトル
오스티아 후작,MPID_HONOR_伝承ヘクトル
죽음의 왕,MPID_HONOR_ヘル味方
지옥의 바닥의,MPID_HONOR_ヘルビンディ味方
지옥의 여름의,MPID_HONOR_水着ヘルビンディ
넘쳐흐르는 자애,MPID_HONOR_愛の祭ヘンリエッテ
밝은 흡혈귀,MPID_HONOR_ハロヘンリー
저주의 알은 비밀색,MPID_HONOR_春祭ヘンリー
망가진 마음의,MPID_HONOR_ヘンリー
수영복의 금사슴 페어,MPID_HONOR_比翼ヒルダ
힘이 되어 줄까요!,MPID_HONOR_開花ヒルダ
게으름뱅이 성야,MPID_HONOR_冬祭ヒルダ
게으름뱅이 영애,MPID_HONOR_ヒルダ
프리지의 여왕,MPID_HONOR_聖戦ヒルダ
사무라이 신랑,MPID_HONOR_花婿ヒナタ
전대미문의 사무라이,MPID_HONOR_ヒナタ
창천의 투희,MPID_HONOR_ヒノカ2
쌍야의 해적왕녀,MPID_HONOR_比翼ヒノカ
투희의 휴식,MPID_HONOR_温泉ヒノカ
홍색의 투희,MPID_HONOR_ヒノカ
레스터의 용자,MPID_HONOR_ホルスト
빙도의 왕자,MPID_HONOR_フリーズ
영춘의 얼음왕자,MPID_HONOR_年明フリーズ
냉혹 음험 종자,MPID_HONOR_ヒューベルト
세상물정에 밝은 마도사,MPID_HONOR_ヒュウ
암야왕의 군사,MPID_HONOR_マクベス
어둠의 무녀,MPID_HONOR_イドゥン
신과 마의 사이에서,MPID_HONOR_開花イドゥン
비익의 용의 백성,MPID_HONOR_比翼イドゥン
화필이 그리는 겨울풍경,MPID_HONOR_冬祭イグナーツ
나바타의 수호신,MPID_HONOR_イグレーヌ
나바타의 수호닌자,MPID_HONOR_忍者イグレーヌ
위대한 용병,MPID_HONOR_総選挙アイク
사이좋은 남매,MPID_HONOR_比翼アイク
마음을 힘으로,MPID_HONOR_愛の祭アイク
전승의 신장,MPID_HONOR_伝承アイク
용병단의 청년,MPID_HONOR_アイク
폭주의 투기,MPID_HONOR_暴走アイク
눈을 뜬 식욕,MPID_HONOR_幼少イレース
공복의 마도사,MPID_HONOR_イレース
폭식의 수확제,MPID_HONOR_ハロイレース
갈라테아 백작가,MPID_HONOR_イングリット
한여름의 기사도,MPID_HONOR_水着イングリット
꽃피는 봄축제,MPID_HONOR_春祭アズール
창궁의 댄서,MPID_HONOR_舞踏祭アズール
실은 수영할 수 있는,MPID_HONOR_水着ヒーニアス
프렐리아의 월광,MPID_HONOR_幼少ヒーニアス
책략의 왕자,MPID_HONOR_ヒーニアス
사지의 뇌신,MPID_HONOR_開花イシュタル
뇌신의 왈츠,MPID_HONOR_舞踏イシュタル
뇌신,MPID_HONOR_イシュタル
개척하는 소년,MPID_HONOR_樹
사신,MPID_HONOR_ジャファル
성야의 사신,MPID_HONOR_冬祭ジャファル
마르스의 군사,MPID_HONOR_ジェイガン
충의의 괴물,MPID_HONOR_ハロジョーカー
충실한 집사,MPID_HONOR_ジョーカー
벨던의 왕자,MPID_HONOR_ジャムカ
대륙 제일의 궁기사,MPID_HONOR_ジョルジュ
파멸의 검,MPID_HONOR_ジェラルト
충신의 붉은 용기사,MPID_HONOR_ジル
여행하는 행상인,MPID_HONOR_ジョージ
결의의 풍래왕,MPID_HONOR_開花ヨシュア
방랑왕,MPID_HONOR_ヨシュア
남국의 노름꾼,MPID_HONOR_水着ヨシュア
빛의 성자,MPID_HONOR_伝承ユリア
빼앗긴 마음,MPID_HONOR_催眠ユリア
신룡을 계승하는 자,MPID_HONOR_ユリア
성제의 성자,MPID_HONOR_聖祭ユリア
상냥한 전 도적,MPID_HONOR_ジュリアン
어둠의 황자,MPID_HONOR_ユリウス
하늘을 나는 신부,MPID_HONOR_花嫁ユーノ
요호의 우두머리,MPID_HONOR_ニシキ
근하신년 요호왕,MPID_HONOR_年明ニシキ
수확제의 쿠노이치,MPID_HONOR_ハロカゲロウ
고풍스러운 닌자,MPID_HONOR_カゲロウ
봄바람의 쿠노이치,MPID_HONOR_春祭カゲロウ
떠돌이 용병,MPID_HONOR_外伝カムイ
용의 유희,MPID_HONOR_カンナ女
용의 아이,MPID_HONOR_カンナ男
검마,MPID_HONOR_カレル
천마를 모는 소녀,MPID_HONOR_カリン
열사를 베는 투기,MPID_HONOR_ハタリカアラ
검희,MPID_HONOR_カアラ
홀로 헤매는 등불,MPID_HONOR_砂漠カタリナ
길 잃은 군사,MPID_HONOR_カタリナ
산들바람 닌자,MPID_HONOR_スズカゼ
늑대인간의 우두머리,MPID_HONOR_フランネル
늑대인간의 정월,MPID_HONOR_年明フランネル
프리지의 지장,MPID_HONOR_ケンプフ
키아란의 붉은 기사,MPID_HONOR_ケント
포커페이스,MPID_HONOR_霧亜
정정당당한,MPID_HONOR_デジェル
은의 귀공자,MPID_HONOR_クレイン
깨어난 호기심,MPID_HONOR_クリフ
어둠 속의 예견,MPID_HONOR_ノール
신의를 관철하는 등불,MPID_HONOR_砂漠クリス男
이름도 모르는 영웅,MPID_HONOR_クリス男
이야기되지 않는 영웅,MPID_HONOR_クリス女
번쩍이는 잔혹한 칼날,MPID_HONOR_クロニエ
수확제의 용 왕자,MPID_HONOR_ハロクルトナーガ
설날에 기원하는 호랑이 전사,MPID_HONOR_年明キサ
수확제의 성왕녀,MPID_HONOR_ハロラーチェル
빛의 성왕녀,MPID_HONOR_ラーチェル
로스톤의 정의의 마음,MPID_HONOR_幼少ラーチェル
연회의 밤에서 춤추는 꽃,MPID_HONOR_舞踏ラケシス
사자왕의 여동생,MPID_HONOR_ラケシス
여름색의 염희,MPID_HONOR_水着レーギャルン
염빙의 닌자,MPID_HONOR_比翼レーギャルン
꽃핀 염검의 칼집,MPID_HONOR_開花レーギャルン
첫참배의 염희,MPID_HONOR_年明レーギャルン
염검의 칼집,MPID_HONOR_レーギャルン味方
불꽃의 여름소녀,MPID_HONOR_水着レーヴァテイン
갈퀴로 싸운다,MPID_HONOR_年明レーヴァテイン
무스펠의 닌자,MPID_HONOR_忍者レーヴァテイン
염검,MPID_HONOR_レーヴァテイン味方
검희의 딸,MPID_HONOR_ラクチェ
성제의 유성,MPID_HONOR_聖祭ラクチェ
춤추는 신부,MPID_HONOR_花嫁ララム
쾌활한 무희,MPID_HONOR_ララム
꽃피는 미소,MPID_HONOR_ラズワルド
아름다운 가희,MPID_HONOR_リアーネ
질풍,MPID_HONOR_ラガルト
웃는 가면,MPID_HONOR_ローロー
성제의 왕자들,MPID_HONOR_双界リーフ
렌스터의 왕자,MPID_HONOR_リーフ
트라키아를 계승하는 자,MPID_HONOR_伝承リーフ
밀정괴도,MPID_HONOR_怪盗レイラ
송곳니의 소굴에 숨은 꽃,MPID_HONOR_レイラ
상냥한 성녀,MPID_HONOR_レナ
다나의 무희,MPID_HONOR_リーン
도시락도 토마토,MPID_HONOR_行楽レオン
섬머 그래비티,MPID_HONOR_水着レオン
어둠의 왕자,MPID_HONOR_レオン
마음은 소녀,MPID_HONOR_レオ
지는 걸 싫어하는 여름,MPID_HONOR_水着レオニー
갈리아의 여전사,MPID_HONOR_レテ
수아족의 정월,MPID_HONOR_年明レテ
【저주부대】의 장,MPID_HONOR_レティシア味方
인도의 바람,MPID_HONOR_レヴィン
성제를 노래하는 바람,MPID_HONOR_聖祭レヴィン
젊은 전인,MPID_HONOR_レックス
미모의 승려,MPID_HONOR_リベラ
마기검사,MPID_HONOR_リーヴ2味方
격살의 검사,MPID_HONOR_リーヴ味方
불사불멸의 인연,MPID_HONOR_比翼リーヴ
이스의 해적단,MPID_HONOR_海賊リフィス
해변에 핀 꽃,MPID_HONOR_水着リリーナ
화촉의 신부,MPID_HONOR_花嫁リリーナ
달콤하고 슬픈 선물,MPID_HONOR_愛の祭リリーナ
아름다운 맹주,MPID_HONOR_リリーナ
황염의 맹주,MPID_HONOR_伝承リリーナ
성룡의 아이,MPID_HONOR_リリス
투마룡의 딸,MPID_HONOR_闇リリス
만들어진 생명,MPID_HONOR_リムステラ
빛의 마도사,MPID_HONOR_リンダ
여름의 광조,MPID_HONOR_水着リンダ
헤브링 백작가,MPID_HONOR_リンハルト
광견,MPID_HONOR_ライナス
빛나게 해 줄게,MPID_HONOR_冬祭リズ
날뛰는 시스터,MPID_HONOR_リズ
짠하고 감사,MPID_HONOR_愛の祭リズ
백랑,MPID_HONOR_ロイド
봄축제의 장난,MPID_HONOR_春祭ロキ
장난을 좋아하는,MPID_HONOR_ロキ味方
여자를 싫어하는 검사,MPID_HONOR_ロンクー
고귀한 한여름,MPID_HONOR_水着ローレンツ
영원한 헌신,MPID_HONOR_花嫁ルイーズ
금자의 귀부인,MPID_HONOR_ルイーズ
위대한 왕녀,MPID_HONOR_総選挙ルキナ
미래로 잇는 사랑,MPID_HONOR_愛の祭ルキナ
미래를 아는 자,MPID_HONOR_ルキナ
신위의 사수,MPID_HONOR_伝承ルキナ
봄빛의 성왕녀,MPID_HONOR_春祭ルキナ
부드러운 빛,MPID_HONOR_ルセア
이치의 아이,MPID_HONOR_ルゥ
나무그늘의 참모,MPID_HONOR_行楽ルカ
온화한 독설가,MPID_HONOR_ルカ
저돌맹진의 종기사,MPID_HONOR_ルーク
기발한 지혜의 마도,MPID_HONOR_ルーテ
한여름의 탐구가,MPID_HONOR_水着ルーテ
나의 길을 걷는다,MPID_HONOR_リュート
봄의 마법을 구하기 위해,MPID_HONOR_春祭リュート
불꽃을 휘감은 바람,MPID_HONOR_炎部族リン
위대한 공녀,MPID_HONOR_総選挙リン
초원의 신부,MPID_HONOR_花嫁リン
한여름의 공녀,MPID_HONOR_水着リン
초원의 공녀,MPID_HONOR_リン
바람의 공녀,MPID_HONOR_伝承リン
우정의 쌍닌,MPID_HONOR_比翼リン
바람에 흔들리는 마음,MPID_HONOR_愛の祭リン
되살아난 마왕,MPID_HONOR_魔王リオン
그라드의 눈빛,MPID_HONOR_幼少リオン
그림자의 황자,MPID_HONOR_リオン
햇빛 반짝이는 황자,MPID_HONOR_水着リオン
후리소데에 들뜬 고양이 소녀,MPID_HONOR_年明リィレ
연하의 우등생,MPID_HONOR_リシテア
진지한 구도자,MPID_HONOR_総選挙リシテア
우수한 두 사람의 성야,MPID_HONOR_双界リシテア
헛도는 기운,MPID_HONOR_メイ
검무의 용병,MPID_HONOR_マリス
전자레인지 아이돌,MPID_HONOR_まもり
백은에 울려퍼지는 성가,MPID_HONOR_冬祭マヌエラ
탄식하는 천마기사,MPID_HONOR_マーシャ
유성개안,MPID_HONOR_開花マリータ
달과 별의 검사,MPID_HONOR_マリータ
마검에 사로잡힌 자,MPID_HONOR_魔剣マリータ
미네르바의 여동생,MPID_HONOR_マリア
따스한 미소,MPID_HONOR_春祭マリア
에드먼드 변경백가,MPID_HONOR_マリアンヌ
평온한 기도,MPID_HONOR_総選挙マリアンヌ
매리잡언의 영애,MPID_HONOR_マリアベル
비섬,MPID_HONOR_マリカ
비섬의 토끼,MPID_HONOR_春祭マリカ
아리티아의 신랑,MPID_HONOR_花婿マルス
아리티아의 왕자,MPID_HONOR_マルス
비밀의 검사,MPID_HONOR_仮面ルキナ
전승의 영웅왕,MPID_HONOR_伝承マルス
영웅의 나라의 후계자,MPID_HONOR_幼少マルス
빛의 왕자,MPID_HONOR_総選挙マルス
비익의 왕족자제,MPID_HONOR_比翼マルス
전설의 여기사,MPID_HONOR_マチルダ
의로운 도적,MPID_HONOR_マシュー
지룡족의 왕,MPID_HONOR_神階メディウス
홍련의 용기사,MPID_HONOR_ミレディ
유연한 수도사,MPID_HONOR_メルセデス
느긋한 바캉스,MPID_HONOR_水着メルセデス
페레가의 관리,MPID_HONOR_マリナス
위대한 바람의 전조,MPID_HONOR_幼少マリク
바람의 마도사,MPID_HONOR_マリク
검심의 맹아,MPID_HONOR_幼少ワユ
쌍계의 소녀검사,MPID_HONOR_双界ワユ
정상에 오른 검사,MPID_HONOR_ワユ
달에 오른 마녀,MPID_HONOR_ハロワユ
은색의 누나와 녹색의 동생,MPID_HONOR_比翼ミカヤ
은색 머리칼의 소녀,MPID_HONOR_ミカヤ
새벽의 여왕,MPID_HONOR_総選挙ミカヤ
은빛의 여왕,MPID_HONOR_伝承ミカヤ
여름색의 소녀,MPID_HONOR_夏祭ミカヤ
파도소리의 소녀,MPID_HONOR_水着ミカヤ
야망의 왕,MPID_HONOR_ミシェイル
절약가,MPID_HONOR_ミドリコ
꿈에 스쳐가는 자모,MPID_HONOR_夢ミコト
사랑의 여신,MPID_HONOR_神階ミラ
마케도니아의 공주기사,MPID_HONOR_幼少ミネルバ
붉은색 용기사,MPID_HONOR_ミネルバ
봄색의 용기사,MPID_HONOR_春祭ミネルバ
백몽의,MPID_HONOR_神階ルピナス
따듯한 백몽,MPID_HONOR_冬祭ルピナス
제멋대로인 왕녀,MPID_HONOR_ミランダ
이지의 눈동자,MPID_HONOR_ミリエル
돌보기 좋아하는 여동생,MPID_HONOR_ミスト
무구한 마음,MPID_HONOR_愛の祭ミスト
여제 제일의 가신,MPID_HONOR_モニカ
상냥한 화톳불,MPID_HONOR_炎部族モゥディ
다정한 뒷모습,MPID_HONOR_モゥディ
어두운 색의 충절,MPID_HONOR_闇マーク女
어두운 색의 미래,MPID_HONOR_闇マーク男
이계에서 온 소년,MPID_HONOR_マーク男
이계에서 온 소녀,MPID_HONOR_マーク女
폭주하는 본능,MPID_HONOR_闇ムワリム
염신,MPID_HONOR_ムスペル味方
사나운 호염,MPID_HONOR_炎部族ムスペル
페레지아의 무신,MPID_HONOR_ムスタファー
무구한 용인,MPID_HONOR_ミルラ
수호의 용인,MPID_HONOR_伝承ミルラ
무구한 괴물,MPID_HONOR_ハロミルラ
봄바람이 맺은 인연,MPID_HONOR_双界ミルラ
검은 해풍,MPID_HONOR_海賊ネサラ
어둠에서 춤추는 날개,MPID_HONOR_ネサラ
신룡왕,MPID_HONOR_神階ナーガ
수확을 기리는 신룡왕,MPID_HONOR_ハロナーガ
신룡왕의 화신,MPID_HONOR_ナギ
얌전한 아이,MPID_HONOR_ンン
축복받은 여왕,MPID_HONOR_花嫁ニケ
하타리의 열풍,MPID_HONOR_ハタリニケ
사안의 주인,MPID_HONOR_ニケ
경애의 프린세스,MPID_HONOR_伝承ナンナ
성제의 왕녀,MPID_HONOR_聖祭ナンナ
노디온의 왕녀,MPID_HONOR_ナンナ
봄색의 삼용장,MPID_HONOR_春祭ナーシェン
삼용장,MPID_HONOR_ナーシェン
치유의 성녀,MPID_HONOR_ナターシャ
홍색의 닌자,MPID_HONOR_忍者ナバール
홍색의 검사,MPID_HONOR_ナバール
울먹이며 쏘는 사냥꾼,MPID_HONOR_ネイミー
되살아난 해방왕,MPID_HONOR_ネメシス
과묵한 마을소녀,MPID_HONOR_ネフェニー
소박한 무용수,MPID_HONOR_舞踏ネフェニー
빙신,MPID_HONOR_ニフル味方
남국의 빙신,MPID_HONOR_水着ニフル
산의 은자,MPID_HONOR_ニイメ
가학성향,MPID_HONOR_ゼロ
금단의 장난,MPID_HONOR_ハロゼロ
청량한 피리소리,MPID_HONOR_ニルス
영원의 별의 여행자,MPID_HONOR_ハロニルス
부정한 공상,MPID_HONOR_エポニーヌ
어둠에서 춤추는 그림자,MPID_HONOR_比翼エポニーヌ
시원한 신부,MPID_HONOR_花嫁ニニアン
마음을 빼앗긴 빙룡,MPID_HONOR_催眠ニニアン
빙룡의 무녀,MPID_HONOR_伝承ニニアン
숙명의 무녀,MPID_HONOR_ニニアン
성야의 피는 어둠의 꽃,MPID_HONOR_冬祭ニノ
어둠의 하얀 꽃,MPID_HONOR_ニノ2
마도의 아이,MPID_HONOR_ニノ
햇빛은 싫어,MPID_HONOR_水着ノワール
해변가의 의용병,MPID_HONOR_水着ノルン
아리티아 의용병,MPID_HONOR_ノルン
매혹의 월광,MPID_HONOR_ノート味方
천년의 마녀,MPID_HONOR_ハロノノ
영원한 어린아이,MPID_HONOR_ノノ
금기의 주술사,MPID_HONOR_ニュクス
마왕의 혼례,MPID_HONOR_花嫁オボロ
마왕얼굴의,MPID_HONOR_オボロ
힘을 봉인한 자,MPID_HONOR_オーディン
용병의 휴일,MPID_HONOR_水着オグマ
타리스의 용병,MPID_HONOR_オグマ
미의 탐구자,MPID_HONOR_オリヴァー
수줍음이 많은,MPID_HONOR_オリヴィエ
축제의 무희,MPID_HONOR_舞踏祭オリヴィエ
하늘을 나는 무희,MPID_HONOR_オリヴィエ2
청의 마도기사,MPID_HONOR_オルエン
녹의 마도기사,MPID_HONOR_オルエン2
소녀심의 약동,MPID_HONOR_オフェリア
웃음보 주술사,MPID_HONOR_オロチ
광기의 모정,MPID_HONOR_闇オルソン
부드러운 기사,MPID_HONOR_オスカー
분노하는 도끼전사,MPID_HONOR_オーシン
왕의 남동생,MPID_HONOR_オッテル味方
힘을 봉인한 자,MPID_HONOR_ウード
사랑과 꽃의 전사,MPID_HONOR_愛の祭ウード
토끼자매의 장녀,MPID_HONOR_春祭パオラ
백익의 장녀,MPID_HONOR_パオラ
상냥한 장녀,MPID_HONOR_外伝パオラ
정익의 세 자매,MPID_HONOR_比翼パオラ
긍지높은 타그엘,MPID_HONOR_ベルベット
광왕의 유아,MPID_HONOR_ペレアス
고귀한 신랑,MPID_HONOR_花婿パント
은의 마도군장,MPID_HONOR_パント
꿈꾸는 요정들,MPID_HONOR_比翼ピアニー
행복한 꿈의,MPID_HONOR_神階ピアニー
기사 중의 기사,MPID_HONOR_パーシバル
살육본능,MPID_HONOR_ピエリ
이국의 공주,MPID_HONOR_ペトラ
염창냉혈의 기장,MPID_HONOR_プラハ
천마의 충신,MPID_HONOR_フィレイン
와렌의 무용수,MPID_HONOR_フィーナ
음몽의,MPID_HONOR_プルメリア味方
유혹의 첫 꿈,MPID_HONOR_年明プルメリア
창염의 후예,MPID_HONOR_パリス
심창의 공주님,MPID_HONOR_プリシラ
냉정한 궁수,MPID_HONOR_パイソン
용기와 춤추는 왕자,MPID_HONOR_舞踏キュアン
성광의 창기사,MPID_HONOR_キュアン
축복의 날개,MPID_HONOR_花婿ラフィエル
어둠의 아이,MPID_HONOR_レイ
좋은 친구,MPID_HONOR_ライ
사막의 근육상인,MPID_HONOR_砂漠ラファエル
초원의 젊은 늑대,MPID_HONOR_ラス
고귀한 용병,MPID_HONOR_レイヴァン
수줍은 들꽃,MPID_HONOR_レベッカ
신춘의 준마,MPID_HONOR_年明レギン
희망의 준마,MPID_HONOR_レギン
뇌격의 론도,MPID_HONOR_舞踏ラインハルト
뇌신의 오른팔,MPID_HONOR_ラインハルト
뇌신의 검,MPID_HONOR_ラインハルト2
탄식하는 도적,MPID_HONOR_レナック
백의 왕자,MPID_HONOR_リュシオン
집념의 주술사,MPID_HONOR_シャラ
순백의 존재,MPID_HONOR_暴走レア
풍양의 마녀,MPID_HONOR_ハロレア
온화한 햇빛,MPID_HONOR_水着キルロイ
경박한 괴도,MPID_HONOR_怪盗リカード
자경단 견습,MPID_HONOR_リヒト
혈벽석,MPID_HONOR_アーヴ
추억의 무희,MPID_HONOR_舞踏リネア
먹어 치우는 맹화,MPID_HONOR_炎部族リンカ
불꽃의 딸,MPID_HONOR_リンカ
혼돈의 수확제,MPID_HONOR_ハロルフレ男
사룡의 수확제,MPID_HONOR_ハロルフレ女
사룡의 현신,MPID_HONOR_邪竜ルフレ男
절망으로 인도하는 자,MPID_HONOR_魔器ルフレ女
사룡의 응신,MPID_HONOR_伝承ルフレ女
겨울축제의 책사,MPID_HONOR_冬祭ルフレ男
성왕의 군사,MPID_HONOR_ルフレ男
비밀이 많은 군사,MPID_HONOR_ルフレ女
해변의 책사,MPID_HONOR_水着ルフレ女
마음으로부터 감사를,MPID_HONOR_愛の祭ルフレ女
냉정침착한 종기사,MPID_HONOR_ロディ
장난치는 궁병,MPID_HONOR_ハロヨファ
이스 마을의 청년,MPID_HONOR_ロナン
신의의 늑대,MPID_HONOR_ロシェ
물려받은 뛰어난 실력,MPID_HONOR_ロス
쌍염의 신랑,MPID_HONOR_双界ロイ
봉염의 젊은 사자,MPID_HONOR_伝承ロイ
위대한 공자,MPID_HONOR_総選挙ロイ
젊은 사자,MPID_HONOR_ロイ
젊은 소년의 선물,MPID_HONOR_愛の祭ロイ
리겔 황제,MPID_HONOR_愛の祭ルドルフ
고고의 검사,MPID_HONOR_ルトガー
유카타 사무라이,MPID_HONOR_夏祭リョウマ
백야의 사무라이,MPID_HONOR_リョウマ
비탕의 사무라이,MPID_HONOR_温泉リョウマ
패천의 백야무사,MPID_HONOR_伝承リョウマ
사연있는 용병,MPID_HONOR_セーバー
붉은 불꽃의 사제,MPID_HONOR_サイアス
키아란의 푸른 기사,MPID_HONOR_セイン
폭염술사,MPID_HONOR_サイゾウ
수줍은 네코마타,MPID_HONOR_ハロサクラ
온천의 무녀,MPID_HONOR_温泉サクラ
자애의 무녀,MPID_HONOR_サクラ
현자의 봄축제,MPID_HONOR_春祭サレフ
암흑마도사,MPID_HONOR_セイラム
신부모습의 신사,MPID_HONOR_花嫁サナキ
베그니온의 신사,MPID_HONOR_サナキ
로프트의 공주,MPID_HONOR_サラ
사랑으로 살아가는 승려,MPID_HONOR_立会人サウル
손신의 검희,MPID_HONOR_サイリ
땅을 달리는 유성,MPID_HONOR_スカサハ
우의의 늑대,MPID_HONOR_ザガロ
전승의 성자,MPID_HONOR_神階セイロス
숨겨진 동경,MPID_HONOR_ルーナ
형석,MPID_HONOR_セライナ
해변의 형석,MPID_HONOR_水着セライナ
아버지의 뜻을 따라,MPID_HONOR_総選挙セリス
빛을 계승하는 자,MPID_HONOR_セリス
빛의 황자,MPID_HONOR_伝承セリス
장난치는 요호,MPID_HONOR_キヌ
신춘요호,MPID_HONOR_年明キヌ
눈 내리는 하늘의 재상,MPID_HONOR_冬祭セフェラン
시끄러운 시스터,MPID_HONOR_セーラ
성교회의 완고함,MPID_HONOR_セテス
해변의 충신,MPID_HONOR_水着ゼト
진은의 성기사,MPID_HONOR_ゼト
멍하니,MPID_HONOR_セツナ
봄축제의 비뚤어진 소녀,MPID_HONOR_春祭セレナ
고독한 사수,MPID_HONOR_シャミア
고월의 닌자,MPID_HONOR_忍者シャミア
견습 신부,MPID_HONOR_花嫁シャニー
명랑한 천마기사,MPID_HONOR_シャニー
유성의 검사,MPID_HONOR_シャナン
아스크왕국의 왕녀,MPID_HONOR_シャロン
봄빛의 아스크왕녀,MPID_HONOR_春祭シャロン
그라의 왕녀,MPID_HONOR_シーマ
전도유망한 용병,MPID_HONOR_シェズ女
신진기예의 용병,MPID_HONOR_シェズ男
심람의 댄서,MPID_HONOR_舞踏祭シグレ
천공을 그리는 마음,MPID_HONOR_シグレ
신랄히 비꼬는 사수,MPID_HONOR_シノン
거침없이 비꼬는 닌자,MPID_HONOR_忍者シノン
미완의 큰 그릇,MPID_HONOR_シノノメ
미래의 암야왕,MPID_HONOR_ジークベルト
충절의 천마기사,MPID_HONOR_シグルーン
충절의 신부,MPID_HONOR_花嫁シグルーン
성스러운 운명의 비익,MPID_HONOR_比翼シグルド
운명의 성기사,MPID_HONOR_伝承シグルド
성기사,MPID_HONOR_シグルド
우정의 기사,MPID_HONOR_サイラス
가르침을 마음에,MPID_HONOR_シルク
박애의 시스터,MPID_HONOR_愛の祭シルク
여행하는 무용수,MPID_HONOR_シルヴィア
비밀의 가면기사,MPID_HONOR_シリウス
여자아이 좋아,MPID_HONOR_ソレイユ
성교회에 잠입한 어둠,MPID_HONOR_ソロン
냉혹비정의 요희,MPID_HONOR_ソーニャ
염려한 토끼들,MPID_HONOR_双界ソニア
복수의 마도사,MPID_HONOR_ソニア
축제의 예언자,MPID_HONOR_ハロソフィーヤ
나바타의 예언자,MPID_HONOR_ソフィーヤ
미래를 보는 신부,MPID_HONOR_花嫁ソフィーヤ
어리둥절한 참모,MPID_HONOR_愛の祭セネリオ
침묵의 입,MPID_HONOR_幼少セネリオ
냉정한 참모,MPID_HONOR_セネリオ
새벽의 질풍,MPID_HONOR_怪盗サザ
녹풍,MPID_HONOR_サザ
수확제가 이어준 혼,MPID_HONOR_比翼ソティス
옥좌의 소녀,MPID_HONOR_神階ソティス
성야의 환영,MPID_HONOR_冬祭ソティス
벽색의 기사,MPID_HONOR_ソール
완벽주의,MPID_HONOR_ツバキ
초원의 암사슴,MPID_HONOR_スー
홍색의 기사,MPID_HONOR_ソワレ
꽃점의 소녀,MPID_HONOR_スミア
홍련의 해적왕,MPID_HONOR_海賊スルト
염왕,MPID_HONOR_スルト味方
여름의 여신을 찾아서,MPID_HONOR_水着シルヴァン
뇌의 공녀,MPID_HONOR_ティルテュ
물의 권속,MPID_HONOR_眷属タクミ
남국만끽왕자,MPID_HONOR_水着タクミ
떡국 정말 좋아,MPID_HONOR_年明けタクミ
신궁의 명수,MPID_HONOR_タクミ
프렐리아의 샛별,MPID_HONOR_幼少ターナ
튀는 프린세스,MPID_HONOR_水着ターナ
따뜻해지는 인연,MPID_HONOR_双界ターナ
하늘을 달리는 왕녀,MPID_HONOR_ターナ
제국의 백인,MPID_HONOR_タニス
진지한 마음,MPID_HONOR_花嫁タニス
다그다의 딸,MPID_HONOR_タニア
헌신의 성녀,MPID_HONOR_ティータ
염미의 춤,MPID_HONOR_テティス
음험한 암술사,MPID_HONOR_サーリャ
화주를 입은 등희,MPID_HONOR_砂漠サーリャ
「보통 여자아이」,MPID_HONOR_冬祭サーリャ
열정의 신부,MPID_HONOR_花嫁サーリャ
질풍의 천마기사,MPID_HONOR_ティト
전신들의 여름,MPID_HONOR_比翼トール
전신,MPID_HONOR_トール味方
오살의 마녀,MPID_HONOR_スラシル味方
대공의 패자,MPID_HONOR_ティバーン
배 없는 해적,MPID_HONOR_海賊ティバーン
해변의 용희,MPID_HONOR_水着チキ
신룡족의 왕녀,MPID_HONOR_チキ
신룡의 자각,MPID_HONOR_総選挙覚醒チキ
용족의 희망,MPID_HONOR_双界チキ
전승의 용왕녀,MPID_HONOR_伝承チキ
신룡의 무녀,MPID_HONOR_チキ覚醒
삼천번째 여름휴가,MPID_HONOR_水着チキ覚醒
잠자는 용왕녀,MPID_HONOR_催眠チキ
수난의 뇌희,MPID_HONOR_ティニー
용병단의 부장,MPID_HONOR_ティアマト
은정의 기사,MPID_HONOR_愛の祭ティアマト
분위기 파악을 못하는,MPID_HONOR_ロビン
트라키아 왕,MPID_HONOR_トラバント
악몽의,MPID_HONOR_スカビオサ味方
혼신의 아이돌,MPID_HONOR_つばさ
궁사,MPID_HONOR_神階ウル
창아,MPID_HONOR_ウルスラ
여름날의 창아,MPID_HONOR_水着ウルスラ
호방뇌락,MPID_HONOR_バルボ
월장석,MPID_HONOR_ヴァルター
만프로이의 심복,MPID_HONOR_ベルド
늑대인간 소녀의 정월,MPID_HONOR_年明ベロア
늑대 아가씨,MPID_HONOR_ベロア
황녀가 주는 사랑,MPID_HONOR_愛の祭ヴェロニカ
위대한 황녀,MPID_HONOR_総選挙ヴェロニカ
엠블라 해적단,MPID_HONOR_双界ヴェロニカ
봄다워진 황녀,MPID_HONOR_春祭ヴェロニカ
해원을 달리는 흑익,MPID_HONOR_海賊ビーゼ
귀족적인 궁수,MPID_HONOR_ヴィオール
신출귀몰한 정보원,MPID_HONOR_フォルカ
율의의 늑대,MPID_HONOR_ビラク
패왕,MPID_HONOR_ヴァルハルト
충의의 늑대,MPID_HONOR_ウルフ
상하의 궁병,MPID_HONOR_水着ウォルト
승려,MPID_HONOR_リフ
유카타 기사,MPID_HONOR_夏祭マークス
암야의 기사왕,MPID_HONOR_伝承マークス
암야의 기사,MPID_HONOR_マークス
봄빛의 암야왕자,MPID_HONOR_春祭マークス
수영 단련 중,MPID_HONOR_水着マークス
변환자재의 수확제,MPID_HONOR_ハロチェイニー
사막의 환영,MPID_HONOR_ハタリチェイニー
겁쟁이 타그엘,MPID_HONOR_シャンブレー
손신의 검성,MPID_HONOR_レンハ
첫 여름바다,MPID_HONOR_水着ユルグ
부드러운 신설,MPID_HONOR_ユルグ
생명의 어머니 용,MPID_HONOR_ユーミル
눈을 뜬 부의 여신,MPID_HONOR_神階ユンヌ
잿빛의 의협심,MPID_HONOR_ユーリス
잃어버린 과거,MPID_HONOR_ジーク
칠흑의 장,MPID_HONOR_ゼルギウス
신랑의 맹세,MPID_HONOR_花婿ゼロット
해방의 왕,MPID_HONOR_ゼフィール
젊은 패왕의 겨울축제,MPID_HONOR_冬祭若ゼフィール
닌자검호,MPID_HONOR_忍者ツイハーク
