갑옷의 수호자 원간 1,SID_鎧の護り手・遠間1
갑옷의 수호자 원간 2,SID_鎧の護り手・遠間2
갑옷의 수호자 원간 3,SID_鎧の護り手・遠間3
공격수비의 원영 1,SID_攻撃守備の遠影1
공격수비의 원영 2,SID_攻撃守備の遠影2
공격수비의 원영 3,SID_攻撃守備の遠影3
갑옷의 수호자 근간 1,SID_鎧の護り手・近間1
갑옷의 수호자 근간 2,SID_鎧の護り手・近間2
갑옷의 수호자 근간 3,SID_鎧の護り手・近間3
공격수비의 근영 1,SID_攻撃守備の近影1
공격수비의 근영 2,SID_攻撃守備の近影2
공격수비의 근영 3,SID_攻撃守備の近影3
투구의 수호자 원간 1,SID_兜の護り手・遠間1
투구의 수호자 원간 2,SID_兜の護り手・遠間2
투구의 수호자 원간 3,SID_兜の護り手・遠間3
공격마방의 원영 1,SID_攻撃魔防の遠影1
공격마방의 원영 2,SID_攻撃魔防の遠影2
공격마방의 원영 3,SID_攻撃魔防の遠影3
투구의 수호자 근간 1,SID_兜の護り手・近間1
투구의 수호자 근간 2,SID_兜の護り手・近間2
투구의 수호자 근간 3,SID_兜の護り手・近間3
공격마방의 근영 3,SID_攻撃魔防の近影1
공격마방의 근영 3,SID_攻撃魔防の近影2
공격마방의 근영 3,SID_攻撃魔防の近影3
공격속도의 원영 1,SID_攻撃速さの遠影1
공격속도의 원영 2,SID_攻撃速さの遠影2
공격속도의 원영 3,SID_攻撃速さの遠影3
칼날의 수호자 근간 1,SID_刃の護り手・近間1
칼날의 수호자 근간 2,SID_刃の護り手・近間2
칼날의 수호자 근간 3,SID_刃の護り手・近間3
곡기비행 1,SID_曲技飛行1
곡기비행 2,SID_曲技飛行2
곡기비행 3,SID_曲技飛行3
선도의 전령 천 1,SID_先導の伝令・天1
선도의 전령 천 2,SID_先導の伝令・天2
선도의 전령 천 3,SID_先導の伝令・天3
공격수비의 방성전 1,SID_攻撃守備の防城戦1
공격수비의 방성전 2,SID_攻撃守備の防城戦2
공격수비의 방성전 3,SID_攻撃守備の防城戦3
공격마방의 방성전 1,SID_攻撃魔防の防城戦1
공격마방의 방성전 2,SID_攻撃魔防の防城戦2
공격마방의 방성전 3,SID_攻撃魔防の防城戦3
공격속도의 방성전 1,SID_攻撃速さの防城戦1
공격속도의 방성전 2,SID_攻撃速さの防城戦2
공격속도의 방성전 3,SID_攻撃速さの防城戦3
공격속도의 방성전 4,SID_攻撃速さの防城戦4
수비마방의 방성전 1,SID_守備魔防の防城戦1
수비마방의 방성전 2,SID_守備魔防の防城戦2
수비마방의 방성전 3,SID_守備魔防の防城戦3
수비마방의 방성전 4,SID_守備魔防の防城戦4
속도수비의 방성전 1,SID_速さ守備の防城戦1
속도수비의 방성전 2,SID_速さ守備の防城戦2
속도수비의 방성전 3,SID_速さ守備の防城戦3
속도마방의 방성전 1,SID_速さ魔防の防城戦1
속도마방의 방성전 2,SID_速さ魔防の防城戦2
속도마방의 방성전 3,SID_速さ魔防の防城戦3
공격수비의 공성전 1,SID_攻撃守備の攻城戦1
공격수비의 공성전 2,SID_攻撃守備の攻城戦2
공격수비의 공성전 3,SID_攻撃守備の攻城戦3
공격속도의 공성전 1,SID_攻撃速さの攻城戦1
공격속도의 공성전 2,SID_攻撃速さの攻城戦2
공격속도의 공성전 3,SID_攻撃速さの攻城戦3
속도마방의 공성전 1,SID_速さ魔防の攻城戦1
속도마방의 공성전 2,SID_速さ魔防の攻城戦2
속도마방의 공성전 3,SID_速さ魔防の攻城戦3
중장의 행군 1,SID_重装の行軍1
중장의 행군 2,SID_重装の行軍2
중장의 행군 3,SID_重装の行軍3
금강의 일격 1,SID_金剛の一撃1
금강의 일격 2,SID_金剛の一撃2
금강의 일격 3,SID_金剛の一撃3
중장의 부츠,SID_重装のブーツ
중장의 유격 1,SID_重装の遊撃1
중장의 유격 2,SID_重装の遊撃2
중장의 유격 3,SID_重装の遊撃3
패갑장벽,SID_覇鎧障壁
여신의 삼웅,SID_女神の三雄
일제돌격 1,SID_一斉突撃1
일제돌격 2,SID_一斉突撃2
일제돌격 3,SID_一斉突撃3
나의 부활은 이루어졌다,SID_我が復活は成った
공격의 매료 1,SID_攻撃の魅了1
공격의 매료 2,SID_攻撃の魅了2
공격의 매료 3,SID_攻撃の魅了3
공격수비의 인연 1,SID_攻撃守備の絆1
공격수비의 인연 2,SID_攻撃守備の絆2
공격수비의 인연 3,SID_攻撃守備の絆3
공격수비의 인연 4,SID_攻撃守備の絆4
공격수비의 방벽 1,SID_攻撃守備の防壁1
공격수비의 방벽 2,SID_攻撃守備の防壁2
공격수비의 방벽 3,SID_攻撃守備の防壁3
공격수비의 기선 1,SID_攻撃守備の機先1
공격수비의 기선 2,SID_攻撃守備の機先2
공격수비의 기선 3,SID_攻撃守備の機先3
공격수비의 기선 4,SID_攻撃守備の機先4
공격수비의 격돌 1,SID_攻撃守備の激突1
공격수비의 격돌 2,SID_攻撃守備の激突2
공격수비의 격돌 3,SID_攻撃守備の激突3
공격수비의 격돌 4,SID_攻撃守備の激突4
공격수비의 밀집 1,SID_攻撃守備の密集1
공격수비의 밀집 2,SID_攻撃守備の密集2
공격수비의 밀집 3,SID_攻撃守備の密集3
공격수비의 대개방 1,SID_攻撃守備の大開放1
공격수비의 대개방 2,SID_攻撃守備の大開放2
공격수비의 대개방 3,SID_攻撃守備の大開放3
공격수비의 대견제,SID_攻撃守備の大牽制
공격수비의 만전 1,SID_攻撃守備の万全1
공격수비의 만전 2,SID_攻撃守備の万全2
공격수비의 만전 3,SID_攻撃守備の万全3
공격수비의 만전 4,SID_攻撃守備の万全4
공격수비의 연계 1,SID_攻撃守備の連携1
공격수비의 연계 2,SID_攻撃守備の連携2
공격수비의 연계 3,SID_攻撃守備の連携3
공격수비의 협혁,SID_攻撃守備の脅嚇3
공격수비의 신의 1,SID_攻撃守備の信義1
공격수비의 신의 2,SID_攻撃守備の信義2
공격수비의 신의 3,SID_攻撃守備の信義3
공격수비의 혼신 1,SID_攻撃守備の渾身1
공격수비의 혼신 2,SID_攻撃守備の渾身2
공격수비의 혼신 3,SID_攻撃守備の渾身3
공격수비의 혼신 4,SID_攻撃守備の渾身4
공격수비의 견제 1,SID_攻撃守備の牽制1
공격수비의 견제 2,SID_攻撃守備の牽制2
공격수비의 견제 3,SID_攻撃守備の牽制3
공격수비의 대공모 1,SID_攻撃守備の大共謀1
공격수비의 대공모 2,SID_攻撃守備の大共謀2
공격수비의 대공모 3,SID_攻撃守備の大共謀3
공격수비의 간섭 1,SID_攻撃守備の干渉1
공격수비의 간섭 2,SID_攻撃守備の干渉2
공격수비의 간섭 3,SID_攻撃守備の干渉3
공격수비의 고군 1,SID_攻撃守備の孤軍1
공격수비의 고군 2,SID_攻撃守備の孤軍2
공격수비의 고군 3,SID_攻撃守備の孤軍3
공격수비의 고군 4,SID_攻撃守備の孤軍4
공격수비의 연대,SID_攻撃守備の連帯4
공격의 공모 1,SID_攻撃の共謀1
공격의 공모 2,SID_攻撃の共謀2
공격의 공모 3,SID_攻撃の共謀3
공격의 개방 1,SID_攻撃の開放1
공격의 개방 2,SID_攻撃の開放2
공격의 개방 3,SID_攻撃の開放3
공격의 모책 1,SID_攻撃の謀策1
공격의 모책 2,SID_攻撃の謀策2
공격의 모책 3,SID_攻撃の謀策3
공격마방의 인연 1,SID_攻撃魔防の絆1
공격마방의 인연 2,SID_攻撃魔防の絆2
공격마방의 인연 3,SID_攻撃魔防の絆3
공격마방의 인연 4,SID_攻撃魔防の絆4
공격마방의 기선 1,SID_攻撃魔防の機先1
공격마방의 기선 2,SID_攻撃魔防の機先2
공격마방의 기선 3,SID_攻撃魔防の機先3
공격마방의 기선 4,SID_攻撃魔防の機先4
공격마방의 비오 1,SID_攻撃魔防の秘奥1
공격마방의 비오 2,SID_攻撃魔防の秘奥2
공격마방의 비오 3,SID_攻撃魔防の秘奥3
공격마방의 비오 4,SID_攻撃魔防の秘奥4
공격마방의 밀집 1,SID_攻撃魔防の密集1
공격마방의 밀집 2,SID_攻撃魔防の密集2
공격마방의 밀집 3,SID_攻撃魔防の密集3
공격마방의 대개방 1,SID_攻撃魔防の大開放1
공격마방의 대개방 2,SID_攻撃魔防の大開放2
공격마방의 대개방 3,SID_攻撃魔防の大開放3
공격마방의 대견제,SID_攻撃魔防の大牽制
공격마방의 만전 1,SID_攻撃魔防の万全1
공격마방의 만전 2,SID_攻撃魔防の万全2
공격마방의 만전 3,SID_攻撃魔防の万全3
공격마방의 만전 4,SID_攻撃魔防の万全4
공격마방의 연계 1,SID_攻撃魔防の連携1
공격마방의 연계 2,SID_攻撃魔防の連携2
공격마방의 연계 3,SID_攻撃魔防の連携3
공격마방의 협혁,SID_攻撃魔防の脅嚇3
공격마방의 신의 1,SID_攻撃魔防の信義1
공격마방의 신의 2,SID_攻撃魔防の信義2
공격마방의 신의 3,SID_攻撃魔防の信義3
공격마방의 신의 4,SID_攻撃魔防の信義4
공격마방의 혼신 1,SID_攻撃魔防の渾身1
공격마방의 혼신 2,SID_攻撃魔防の渾身2
공격마방의 혼신 3,SID_攻撃魔防の渾身3
공격마방의 혼신 4,SID_攻撃魔防の渾身4
공격마방의 견제 1,SID_攻撃魔防の牽制1
공격마방의 견제 2,SID_攻撃魔防の牽制2
공격마방의 견제 3,SID_攻撃魔防の牽制3
공격마방의 대공모 1,SID_攻撃魔防の大共謀1
공격마방의 대공모 2,SID_攻撃魔防の大共謀2
공격마방의 대공모 3,SID_攻撃魔防の大共謀3
공격마방의 간섭 1,SID_攻撃魔防の干渉1
공격마방의 간섭 2,SID_攻撃魔防の干渉2
공격마방의 간섭 3,SID_攻撃魔防の干渉3
공격마방의 고군 1,SID_攻撃魔防の孤軍1
공격마방의 고군 2,SID_攻撃魔防の孤軍2
공격마방의 고군 3,SID_攻撃魔防の孤軍3
공격마방의 고군 4,SID_攻撃魔防の孤軍4
공격마방의 박절 1,SID_攻撃魔防の拍節1
공격마방의 박절 2,SID_攻撃魔防の拍節2
공격마방의 박절 3,SID_攻撃魔防の拍節3
공격마방의 연대,SID_攻撃魔防の連帯4
공격의 자연 1,SID_攻撃の紫煙1
공격의 자연 2,SID_攻撃の紫煙2
공격의 자연 3,SID_攻撃の紫煙3
공격의 자연 4,SID_攻撃の紫煙4
공격속도 1,SID_攻撃速さ1
공격속도 2,SID_攻撃速さ2
공격속도의 인연 1,SID_攻撃速さの絆1
공격속도의 인연 2,SID_攻撃速さの絆2
공격속도의 인연 3,SID_攻撃速さの絆3
공격속도의 인연 4,SID_攻撃速さの絆4
공격속도의 기선 1,SID_攻撃速さの機先1
공격속도의 기선 2,SID_攻撃速さの機先2
공격속도의 기선 3,SID_攻撃速さの機先3
공격속도의 기선 4,SID_攻撃速さの機先4
공격속도의 격돌 1,SID_攻撃速さの激突1
공격속도의 격돌 2,SID_攻撃速さの激突2
공격속도의 격돌 3,SID_攻撃速さの激突3
공격속도의 격돌 4,SID_攻撃速さの激突4
공격속도의 비오 1,SID_攻撃速さの秘奥1
공격속도의 비오 2,SID_攻撃速さの秘奥2
공격속도의 비오 3,SID_攻撃速さの秘奥3
공격속도의 비오 4,SID_攻撃速さの秘奥4
공격속도의 밀집 1,SID_攻撃速さの密集1
공격속도의 밀집 2,SID_攻撃速さの密集2
공격속도의 밀집 3,SID_攻撃速さの密集3
공격속도의 대개방 1,SID_攻撃速さの大開放1
공격속도의 대개방 2,SID_攻撃速さの大開放2
공격속도의 대개방 3,SID_攻撃速さの大開放3
공격속도의 만전 1,SID_攻撃速さの万全1
공격속도의 만전 2,SID_攻撃速さの万全2
공격속도의 만전 3,SID_攻撃速さの万全3
공격속도의 만전 4,SID_攻撃速さの万全4
공격속도의 연계 1,SID_攻撃速さの連携1
공격속도의 연계 2,SID_攻撃速さの連携2
공격속도의 연계 3,SID_攻撃速さの連携3
공격속도의 협혁,SID_攻撃速さの脅嚇3
공격속도의 신의 1,SID_攻撃速さの信義1
공격속도의 신의 2,SID_攻撃速さの信義2
공격속도의 신의 3,SID_攻撃速さの信義3
공격속도의 신의 4,SID_攻撃速さの信義4
공격속도의 혼신 1,SID_攻撃速さの渾身1
공격속도의 혼신 2,SID_攻撃速さの渾身2
공격속도의 혼신 3,SID_攻撃速さの渾身3
공격속도의 혼신 4,SID_攻撃速さの渾身4
공격속도의 견제 1,SID_攻撃速さの牽制1
공격속도의 견제 2,SID_攻撃速さの牽制2
공격속도의 견제 3,SID_攻撃速さの牽制3
공격속도의 대공모 1,SID_攻撃速さの大共謀1
공격속도의 대공모 2,SID_攻撃速さの大共謀2
공격속도의 대공모 3,SID_攻撃速さの大共謀3
공격속도의 간섭 1,SID_攻撃速さの干渉1
공격속도의 간섭 2,SID_攻撃速さの干渉2
공격속도의 간섭 3,SID_攻撃速さの干渉3
공격속도의 고군 1,SID_攻撃速さの孤軍1
공격속도의 고군 2,SID_攻撃速さの孤軍2
공격속도의 고군 3,SID_攻撃速さの孤軍3
공격속도의 고군 4,SID_攻撃速さの孤軍4
공격속도의 연대,SID_攻撃速さの連帯4
공격의 지휘 1,SID_攻撃の指揮1
공격의 지휘 2,SID_攻撃の指揮2
공격의 지휘 3,SID_攻撃の指揮3
무참,SID_無惨
공격 1,SID_攻撃1
공격 2,SID_攻撃2
공격 3,SID_攻撃3
공격수비 1,SID_攻撃守備1
공격수비 2,SID_攻撃守備2
공격마방 1,SID_攻撃魔防1
공격마방 2,SID_攻撃魔防2
도끼의 경험 1,SID_斧の経験1
도끼의 경험 2,SID_斧の経験2
도끼의 경험 3,SID_斧の経験3
도끼의 기량 1,SID_斧の技量1
도끼의 기량 2,SID_斧の技量2
도끼의 기량 3,SID_斧の技量3
도끼죽이기 1,SID_斧殺し1
도끼죽이기 2,SID_斧殺し2
도끼죽이기 3,SID_斧殺し3
청의 사투 기마 1,SID_青の死闘・騎馬1
청의 사투 기마 2,SID_青の死闘・騎馬2
청의 사투 기마 3,SID_青の死闘・騎馬3
청의 사투 기마 4,SID_青の死闘・騎馬4
청의 사투 비행 1,SID_青の死闘・飛行1
청의 사투 비행 2,SID_青の死闘・飛行2
청의 사투 비행 3,SID_青の死闘・飛行3
청의 사투 비행 4,SID_青の死闘・飛行4
청의 사투 보행 1,SID_青の死闘・歩行1
청의 사투 보행 2,SID_青の死闘・歩行2
청의 사투 보행 3,SID_青の死闘・歩行3
청의 사투 보행 4,SID_青の死闘・歩行4
청마의 경험 1,SID_青魔の経験1
청마의 경험 2,SID_青魔の経験2
청마의 경험 3,SID_青魔の経験3
청마의 기량 1,SID_青魔の技量1
청마의 기량 2,SID_青魔の技量2
청마의 기량 3,SID_青魔の技量3
청마죽이기 1,SID_青魔殺し1
청마죽이기 2,SID_青魔殺し2
청마죽이기 3,SID_青魔殺し3
짐승의 경험 1,SID_獣の経験1
짐승의 경험 2,SID_獣の経験2
짐승의 경험 3,SID_獣の経験3
짐승의 기량 1,SID_獣の技量1
짐승의 기량 2,SID_獣の技量2
짐승의 기량 3,SID_獣の技量3
사랑을 믿나요?,SID_愛を信じますか？
베오크의 가호,SID_ベオクの加護
속박의 목장식,SID_束縛の首飾り
봉인의 방패,SID_封印の盾
봉인의 방패 승,SID_封印の盾・承
흑수리의 패왕,SID_黒鷲の覇王
블레이드 세션 1,SID_刃のセッション1
블레이드 세션 2,SID_刃のセッション2
블레이드 세션 3,SID_刃のセッション3
업화의 춤 1,SID_業火の舞い1
업화의 춤 2,SID_業火の舞い2
업화의 춤 3,SID_業火の舞い3
청색의 암투 1,SID_青への暗闘1
청색의 암투 2,SID_青への暗闘2
청색의 암투 3,SID_青への暗闘3
푸른 사자왕,SID_蒼き獅子王
공격대형 1,SID_攻撃隊形1
공격대형 2,SID_攻撃隊形2
공격대형 3,SID_攻撃隊形3
강화증폭 1,SID_強化増幅1
강화증폭 2,SID_強化増幅2
강화증폭 3,SID_強化増幅3
활의 경험 1,SID_弓の経験1
활의 경험 2,SID_弓の経験2
활의 경험 3,SID_弓の経験3
활의 기량 1,SID_弓の技量1
활의 기량 2,SID_弓の技量2
활의 기량 3,SID_弓の技量3
활죽이기 1,SID_弓殺し1
활죽이기 2,SID_弓殺し2
활죽이기 3,SID_弓殺し3
금강명경의 일격 1,SID_金剛明鏡の一撃1
금강명경의 일격 2,SID_金剛明鏡の一撃2
금강명경의 태세 1,SID_金剛明鏡の構え1
금강명경의 태세 2,SID_金剛明鏡の構え2
금강명경의 태세 3,SID_金剛明鏡の構え3
맞찌르기 1,SID_差し違え1
맞찌르기 2,SID_差し違え2
맞찌르기 3,SID_差し違え3
공격수비의 대각성 1,SID_攻撃守備の大覚醒1
공격수비의 대각성 2,SID_攻撃守備の大覚醒2
공격수비의 대각성 3,SID_攻撃守備の大覚醒3
공격마방의 대각성 1,SID_攻撃魔防の大覚醒1
공격마방의 대각성 2,SID_攻撃魔防の大覚醒2
공격마방의 대각성 3,SID_攻撃魔防の大覚醒3
공격속도의 대각성 1,SID_攻撃速さの大覚醒1
공격속도의 대각성 2,SID_攻撃速さの大覚醒2
공격속도의 대각성 3,SID_攻撃速さの大覚醒3
공격속도의 대각성 4,SID_攻撃速さの大覚醒4
수비마방의 대각성 1,SID_守備魔防の大覚醒1
수비마방의 대각성 2,SID_守備魔防の大覚醒2
수비마방의 대각성 3,SID_守備魔防の大覚醒3
속도수비의 대각성 1,SID_速さ守備の大覚醒1
속도수비의 대각성 2,SID_速さ守備の大覚醒2
속도수비의 대각성 3,SID_速さ守備の大覚醒3
속도마방의 대각성 1,SID_速さ魔防の大覚醒1
속도마방의 대각성 2,SID_速さ魔防の大覚醒2
속도마방의 대각성 3,SID_速さ魔防の大覚醒3
생명의 숨결 1,SID_生の息吹1
생명의 숨결 2,SID_生の息吹2
생명의 숨결 3,SID_生の息吹3
무사도,SID_武士道
무사도 승,SID_武士道・承
무색의 사투 기마 1,SID_無の死闘・騎馬1
무색의 사투 기마 2,SID_無の死闘・騎馬2
무색의 사투 기마 3,SID_無の死闘・騎馬3
무색의 사투 기마 4,SID_無の死闘・騎馬4
무색의 사투 비행 1,SID_無の死闘・飛行1
무색의 사투 비행 2,SID_無の死闘・飛行2
무색의 사투 비행 3,SID_無の死闘・飛行3
무색의 사투 비행 4,SID_無の死闘・飛行4
무색의 사투 보행 1,SID_無の死闘・歩行1
무색의 사투 보행 2,SID_無の死闘・歩行2
무색의 사투 보행 3,SID_無の死闘・歩行3
무색의 사투 보행 4,SID_無の死闘・歩行4
무색의 암투 1,SID_無への暗闘1
무색의 암투 2,SID_無への暗闘2
무색의 암투 3,SID_無への暗闘3
업화대지의 춤 1,SID_業火大地の舞い1
업화대지의 춤 2,SID_業火大地の舞い2
상성상쇄 1,SID_相性殺し1
상성상쇄 2,SID_相性殺し2
상성상쇄 3,SID_相性殺し3
재이동 제한 1,SID_再移動制限1
재이동 제한 2,SID_再移動制限2
재이동 제한 3,SID_再移動制限3
내 이름은 혼돈,SID_我が名は混沌
내 이름은 혼돈 신,SID_我が名は混沌・神
공격의 봉인 1,SID_攻撃の封印1
공격의 봉인 2,SID_攻撃の封印2
공격의 봉인 3,SID_攻撃の封印3
공격수비의 봉인 1,SID_攻撃守備の封印1
공격수비의 봉인 2,SID_攻撃守備の封印2
공격마방의 봉인 1,SID_攻撃魔防の封印1
공격마방의 봉인 2,SID_攻撃魔防の封印2
공격속도의 봉인 1,SID_攻撃速さの封印1
공격속도의 봉인 2,SID_攻撃速さの封印2
수비의 봉인 1,SID_守備の封印1
수비의 봉인 2,SID_守備の封印2
수비의 봉인 3,SID_守備の封印3
수비마방의 봉인 1,SID_守備魔防の封印1
수비마방의 봉인 2,SID_守備魔防の封印2
수비마방의 봉인 3,SID_守備魔防の封印3
마방의 봉인 1,SID_魔防の封印1
마방의 봉인 2,SID_魔防の封印2
마방의 봉인 3,SID_魔防の封印3
속도의 봉인 1,SID_速さの封印1
속도의 봉인 2,SID_速さの封印2
속도의 봉인 3,SID_速さの封印3
속도수비의 봉인 1,SID_速さ守備の封印1
속도수비의 봉인 2,SID_速さ守備の封印2
속도마방의 봉인 1,SID_速さ魔防の封印1
속도마방의 봉인 2,SID_速さ魔防の封印2
얼음의 봉인,SID_氷の封印
얼음의 봉인 승,SID_氷の封印・承
기사도,SID_騎士道
회피 일격이탈 1,SID_回避・一撃離脱1
회피 일격이탈 2,SID_回避・一撃離脱2
회피 일격이탈 3,SID_回避・一撃離脱3
근거리반격,SID_近距離反撃
근거리방어 1,SID_近距離防御1
근거리방어 2,SID_近距離防御2
근거리방어 3,SID_近距離防御3
근거리방어 4,SID_近距離防御4
금강의 반격 근거리 ,SID_金剛の反撃・近距離
근거리경계 1,SID_近距離警戒1
근거리경계 2,SID_近距離警戒2
근거리경계 3,SID_近距離警戒3
근반 금강의 태세,SID_近反・金剛の構え
근반 공격의 혼신,SID_近反・攻撃の渾身
명경의 반격 근거리 ,SID_明鏡の反撃・近距離
억지대형 1,SID_抑止隊形1
억지대형 2,SID_抑止隊形2
억지대형 3,SID_抑止隊形3
공격의 십자문장,SID_攻撃の十字紋章
마방의 십자문장,SID_魔防の十字紋章
성기사의 가호,SID_聖騎士の加護
방패의 수호자 원간 1,SID_盾の護り手・遠間1
방패의 수호자 원간 2,SID_盾の護り手・遠間2
방패의 수호자 원간 3,SID_盾の護り手・遠間3
방패의 수호자 근간 1,SID_盾の護り手・近間1
방패의 수호자 근간 2,SID_盾の護り手・近間2
방패의 수호자 근간 3,SID_盾の護り手・近間3
암기의 경험 1,SID_暗器の経験1
암기의 경험 2,SID_暗器の経験2
암기의 경험 3,SID_暗器の経験3
암기의 기량 1,SID_暗器の技量1
암기의 기량 2,SID_暗器の技量2
암기의 기량 3,SID_暗器の技量3
암기죽이기 1,SID_暗器殺し1
암기죽이기 2,SID_暗器殺し2
암기죽이기 3,SID_暗器殺し3
급습대형 1,SID_急襲隊形1
급습대형 2,SID_急襲隊形2
급습대형 3,SID_急襲隊形3
어둠의 수해의 수호룡,SID_闇の樹海の守護竜
비연의 일격 1,SID_飛燕の一撃1
비연의 일격 2,SID_飛燕の一撃2
비연의 일격 3,SID_飛燕の一撃3
비연의 일격 4,SID_飛燕の一撃4
비연의 호흡,SID_飛燕の呼吸
비연의 태세 1,SID_飛燕の構え1
비연의 태세 2,SID_飛燕の構え2
비연의 태세 3,SID_飛燕の構え3
환혹의 지팡이 1,SID_幻惑の杖1
환혹의 지팡이 2,SID_幻惑の杖2
환혹의 지팡이 3,SID_幻惑の杖3
사자의 균형을,SID_死者の帳尻を
귀신의 일격 1,SID_鬼神の一撃1
귀신의 일격 2,SID_鬼神の一撃2
귀신의 일격 3,SID_鬼神の一撃3
귀신의 일격 4,SID_鬼神の一撃4
수비의 매료 1,SID_守備の魅了1
수비의 매료 2,SID_守備の魅了2
수비의 매료 3,SID_守備の魅了3
수비의 공모 1,SID_守備の共謀1
수비의 공모 2,SID_守備の共謀2
수비의 공모 3,SID_守備の共謀3
수비의 개방 1,SID_守備の開放1
수비의 개방 2,SID_守備の開放2
수비의 개방 3,SID_守備の開放3
수비의 모책 1,SID_守備の謀策1
수비의 모책 2,SID_守備の謀策2
수비의 모책 3,SID_守備の謀策3
수비마방 1,SID_守備魔防1
수비마방 2,SID_守備魔防2
수비마방의 인연 1,SID_守備魔防の絆1
수비마방의 인연 2,SID_守備魔防の絆2
수비마방의 인연 3,SID_守備魔防の絆3
수비마방의 인연 4,SID_守備魔防の絆4
수비마방의 기선 1,SID_守備魔防の機先1
수비마방의 기선 2,SID_守備魔防の機先2
수비마방의 기선 3,SID_守備魔防の機先3
수비마방의 기선 4,SID_守備魔防の機先4
수비마방의 밀집 1,SID_守備魔防の密集1
수비마방의 밀집 2,SID_守備魔防の密集2
수비마방의 밀집 3,SID_守備魔防の密集3
수비마방의 대개방 1,SID_守備魔防の大開放1
수비마방의 대개방 2,SID_守備魔防の大開放2
수비마방의 대개방 3,SID_守備魔防の大開放3
수비마방의 만전 1,SID_守備魔防の万全1
수비마방의 만전 2,SID_守備魔防の万全2
수비마방의 만전 3,SID_守備魔防の万全3
수비마방의 만전 4,SID_守備魔防の万全4
수비마방의 연계 1,SID_守備魔防の連携1
수비마방의 연계 2,SID_守備魔防の連携2
수비마방의 연계 3,SID_守備魔防の連携3
수비마방의 협혁,SID_守備魔防の脅嚇3
수비마방의 신의 1,SID_守備魔防の信義1
수비마방의 신의 2,SID_守備魔防の信義2
수비마방의 신의 3,SID_守備魔防の信義3
수비마방의 견제 1,SID_守備魔防の牽制1
수비마방의 견제 2,SID_守備魔防の牽制2
수비마방의 견제 3,SID_守備魔防の牽制3
수비마방의 대공모 1,SID_守備魔防の大共謀1
수비마방의 대공모 2,SID_守備魔防の大共謀2
수비마방의 대공모 3,SID_守備魔防の大共謀3
수비마방의 자연 3,SID_守備魔防の紫煙3
수비마방의 간섭 1,SID_守備魔防の干渉1
수비마방의 간섭 2,SID_守備魔防の干渉2
수비마방의 간섭 3,SID_守備魔防の干渉3
수비마방의 고군 1,SID_守備魔防の孤軍1
수비마방의 고군 2,SID_守備魔防の孤軍2
수비마방의 고군 3,SID_守備魔防の孤軍3
수비마방의 고군 4,SID_守備魔防の孤軍4
수비마방의 연대,SID_守備魔防の連帯4
수비의 자연 1,SID_守備の紫煙1
수비의 자연 2,SID_守備の紫煙2
수비의 자연 3,SID_守備の紫煙3
수비의 지휘 1,SID_守備の指揮1
수비의 지휘 2,SID_守備の指揮2
수비의 지휘 3,SID_守備の指揮3
수비 1,SID_守備1
수비 2,SID_守備2
수비 3,SID_守備3
공격의 각성 1,SID_攻撃の覚醒1
공격의 각성 2,SID_攻撃の覚醒2
공격의 각성 3,SID_攻撃の覚醒3
수비의 각성 1,SID_守備の覚醒1
수비의 각성 2,SID_守備の覚醒2
수비의 각성 3,SID_守備の覚醒3
마방의 각성 1,SID_魔防の覚醒1
마방의 각성 2,SID_魔防の覚醒2
마방의 각성 3,SID_魔防の覚醒3
속도의 각성 1,SID_速さの覚醒1
속도의 각성 2,SID_速さの覚醒2
속도의 각성 3,SID_速さの覚醒3
연격방어 마도 1,SID_連撃防御・魔道1
연격방어 마도 2,SID_連撃防御・魔道2
연격방어 마도 3,SID_連撃防御・魔道3
연격방어 검창도끼 1,SID_連撃防御・剣槍斧1
연격방어 검창도끼 2,SID_連撃防御・剣槍斧2
연격방어 검창도끼 3,SID_連撃防御・剣槍斧3
연격방어 활암기 1,SID_連撃防御・弓暗器1
연격방어 활암기 2,SID_連撃防御・弓暗器2
연격방어 활암기 3,SID_連撃防御・弓暗器3
질풍정수의 춤 1,SID_疾風静水の舞い1
질풍정수의 춤 2,SID_疾風静水の舞い2
몰아붙이기 1,SID_攻め立て1
몰아붙이기 2,SID_攻め立て2
몰아붙이기 3,SID_攻め立て3
이상 없습니다,SID_異常なしであります
함정해제 1,SID_罠解除1
함정해제 2,SID_罠解除2
함정해제 3,SID_罠解除3
원반 용전용,SID_遠反・竜専用
원거리반격 ,SID_遠距離反撃
원반 비연의 태세,SID_遠反・飛燕の構え
원거리방어 1,SID_遠距離防御1
원거리방어 2,SID_遠距離防御2
원거리방어 3,SID_遠距離防御3
원거리방어 4,SID_遠距離防御4
원반 귀신의 태세,SID_遠反・鬼神の構え
금강의 반격 원거리 ,SID_金剛の反撃・遠距離
원거리경계 1,SID_遠距離警戒1
원거리경계 2,SID_遠距離警戒2
원거리경계 3,SID_遠距離警戒3
원반 속도의 혼신,SID_遠反・速さの渾身
원반 명경의 태세,SID_遠反・明鏡の構え
원반 공격의 혼신,SID_遠反・攻撃の渾身
명경의 반격 원거리 ,SID_明鏡の反撃・遠距離
하늘에서의 급습 1,SID_空からの急襲1
하늘에서의 급습 2,SID_空からの急襲2
하늘에서의 급습 3,SID_空からの急襲3
신룡왕의 어금니,SID_神竜王の牙
신룡왕의 어금니 신,SID_神竜王の牙・神
그건 흥미롭네,SID_それは興味深いね
절염결계,SID_絶炎結界
절빙결계,SID_氷神降臨
사자연참,SID_獅子連斬
끌어들이기,SID_引き込み
용의 경험 1,SID_竜の経験1
용의 경험 2,SID_竜の経験2
용의 경험 3,SID_竜の経験3
용의 기량 1,SID_竜の技量1
용의 기량 2,SID_竜の技量2
용의 기량 3,SID_竜の技量3
용린장벽 1,SID_竜鱗障壁1
용린장벽 2,SID_竜鱗障壁2
용린장벽 3,SID_竜鱗障壁3
용의 역린 1,SID_竜の逆鱗1
용의 역린 2,SID_竜の逆鱗2
용의 역린 3,SID_竜の逆鱗3
용의 역린 4,SID_竜の逆鱗4
용의 마린 1,SID_竜の魔鱗1
용의 마린 2,SID_竜の魔鱗2
용의 마린 3,SID_竜の魔鱗3
용의 마린 4,SID_竜の魔鱗4
사룡의 중비늘,SID_邪竜の重鱗
사룡의 대비늘,SID_邪竜の大鱗
사룡의 비늘 ,SID_邪竜の鱗
사룡의 비늘 승,SID_邪竜の鱗・承
붉은 용기사의 방패 ,SID_赤い竜騎士の盾
공격의 대문장 1,SID_攻撃の大紋章1
공격의 대문장 2,SID_攻撃の大紋章2
수비의 대문장 1,SID_守備の大紋章1
수비의 대문장 2,SID_守備の大紋章2
마방의 대문장 1,SID_魔防の大紋章1
마방의 대문장 2,SID_魔防の大紋章2
속도의 대문장 1,SID_速さの大紋章1
속도의 대문장 2,SID_速さの大紋章2
음양의 법칙,SID_陰陽の法則
강화무효 근거리 1,SID_強化無効・近距離1
강화무효 근거리 2,SID_強化無効・近距離2
강화무효 근거리 3,SID_強化無効・近距離3
강화무효 원거리 1,SID_強化無効・遠距離1
강화무효 원거리 2,SID_強化無効・遠距離2
강화무효 원거리 3,SID_強化無効・遠距離3
생명의 대지 1,SID_生命の大地1
생명의 대지 2,SID_生命の大地2
생명의 대지 3,SID_生命の大地3
대지의 춤 1,SID_大地の舞い1
대지의 춤 2,SID_大地の舞い2
대지의 춤 3,SID_大地の舞い3
이탈의 행로 1,SID_離脱の行路1
이탈의 행로 2,SID_離脱の行路2
이탈의 행로 3,SID_離脱の行路3
공격의 파도 짝수 1,SID_攻撃の波・偶数1
공격의 파도 짝수 2,SID_攻撃の波・偶数2
공격의 파도 짝수 3,SID_攻撃の波・偶数3
수비의 파도 짝수 1,SID_守備の波・偶数1
수비의 파도 짝수 2,SID_守備の波・偶数2
수비의 파도 짝수 3,SID_守備の波・偶数3
추격대형 짝수 1,SID_追撃隊形・偶数1
추격대형 짝수 2,SID_追撃隊形・偶数2
추격대형 짝수 3,SID_追撃隊形・偶数3
고동의 봉함 짝수 1,SID_鼓動の封緘・偶数1
고동의 봉함 짝수 2,SID_鼓動の封緘・偶数2
고동의 봉함 짝수 3,SID_鼓動の封緘・偶数3
쾌유 짝수 1,SID_快癒・偶数1
쾌유 짝수 2,SID_快癒・偶数2
쾌유 짝수 3,SID_快癒・偶数3
마방의 파도 짝수 1,SID_魔防の波・偶数1
마방의 파도 짝수 2,SID_魔防の波・偶数2
마방의 파도 짝수 3,SID_魔防の波・偶数3
속도의 파도 짝수 1,SID_速さの波・偶数1
속도의 파도 짝수 2,SID_速さの波・偶数2
속도의 파도 짝수 3,SID_速さの波・偶数3
신뢰풍렬 짝수 1,SID_迅雷風烈・偶数1
신뢰풍렬 짝수 2,SID_迅雷風烈・偶数2
신뢰풍렬 짝수 3,SID_迅雷風烈・偶数3
영생결계,SID_永生結界
인간의 가능성을 믿는다,SID_人の可能性を信じる
쭉 믿겠다는 맹세,SID_信じつづける誓い
낙성,SID_落星
불치의 환연 1,SID_不治の幻煙1
불치의 환연 2,SID_不治の幻煙2
불치의 환연 3,SID_不治の幻煙3
귀신의 호흡 ,SID_鬼神の呼吸
귀신의 태세 1,SID_鬼神の構え1
귀신의 태세 2,SID_鬼神の構え2
귀신의 태세 3,SID_鬼神の構え3
생명의 업화 1,SID_生命の業火1
생명의 업화 2,SID_生命の業火2
생명의 업화 3,SID_生命の業火3
업화정수의 춤 1,SID_業火静水の舞い1
업화정수의 춤 2,SID_業火静水の舞い2
업화질풍의 춤 1,SID_業火疾風の舞い1
업화질풍의 춤 2,SID_業火疾風の舞い2
유검 1,SID_柔剣1
유검 2,SID_柔剣2
유검 3,SID_柔剣3
유검 4,SID_柔剣4
편대비행 1,SID_編隊飛行1
편대비행 2,SID_編隊飛行2
편대비행 3,SID_編隊飛行3
비행의 선도 1,SID_飛行の先導1
비행의 선도 2,SID_飛行の先導2
비행의 선도 3,SID_飛行の先導3
노도 천마행공 1,SID_怒涛・天馬行空1
노도 천마행공 2,SID_怒涛・天馬行空2
노도 천마행공 3,SID_怒涛・天馬行空3
노도 비룡행공 1,SID_怒涛・飛竜行空1
노도 비룡행공 2,SID_怒涛・飛竜行空2
노도 비룡행공 3,SID_怒涛・飛竜行空3
노도 불굴 1,SID_怒涛・不屈1
노도 불굴 2,SID_怒涛・不屈2
노도 불굴 3,SID_怒涛・不屈3
노도 캔슬 1,SID_怒涛・キャンセル1
노도 캔슬 2,SID_怒涛・キャンセル2
노도 캔슬 3,SID_怒涛・キャンセル3
노도 재기 1,SID_怒涛・再起1
노도 재기 2,SID_怒涛・再起2
노도 재기 3,SID_怒涛・再起3
추격링,SID_追撃リング
수비마방의 성채 1,SID_守備魔防の城塞1
수비마방의 성채 2,SID_守備魔防の城塞2
수비마방의 성채 3,SID_守備魔防の城塞3
중순의 고무,SID_重盾の鼓舞
수순의 고무,SID_獣盾の鼓舞
기순의 고무,SID_騎盾の鼓舞
수비의 고무 1,SID_守備の鼓舞1
수비의 고무 2,SID_守備の鼓舞2
수비의 고무 3,SID_守備の鼓舞3
수비의 고무 4,SID_守備の鼓舞4
용순의 고무,SID_竜盾の鼓舞
비순의 고무,SID_飛盾の鼓舞
마방의 고무 1,SID_魔防の鼓舞1
마방의 고무 2,SID_魔防の鼓舞2
마방의 고무 3,SID_魔防の鼓舞3
마방의 고무 4,SID_魔防の鼓舞4
수비의 성채 1,SID_守備の城塞1
수비의 성채 2,SID_守備の城塞2
수비의 성채 3,SID_守備の城塞3
마방의 성채 1,SID_魔防の城塞1
마방의 성채 2,SID_魔防の城塞2
마방의 성채 3,SID_魔防の城塞3
동결의 봉인 ,SID_凍結の封印
동결의 봉인 승,SID_凍結の封印・承
회피 몰아붙이기 1,SID_回避・攻め立て1
회피 몰아붙이기 2,SID_回避・攻め立て2
회피 몰아붙이기 3,SID_回避・攻め立て3
사자분신 1,SID_獅子奮迅1
사자분신 2,SID_獅子奮迅2
사자분신 3,SID_獅子奮迅3
사자분신 4,SID_獅子奮迅4
녹의 사투 기마 1,SID_緑の死闘・騎馬1
녹의 사투 기마 2,SID_緑の死闘・騎馬2
녹의 사투 기마 3,SID_緑の死闘・騎馬3
녹의 사투 기마 4,SID_緑の死闘・騎馬4
녹의 사투 비행 1,SID_緑の死闘・飛行1
녹의 사투 비행 2,SID_緑の死闘・飛行2
녹의 사투 비행 3,SID_緑の死闘・飛行3
녹의 사투 비행 4,SID_緑の死闘・飛行4
녹의 사투 보행 1,SID_緑の死闘・歩行1
녹의 사투 보행 2,SID_緑の死闘・歩行2
녹의 사투 보행 3,SID_緑の死闘・歩行3
녹의 사투 보행 4,SID_緑の死闘・歩行4
녹마의 경험 1,SID_緑魔の経験1
녹마의 경험 2,SID_緑魔の経験2
녹마의 경험 3,SID_緑魔の経験3
녹마의 기량 1,SID_緑魔の技量1
녹마의 기량 2,SID_緑魔の技量2
녹마의 기량 3,SID_緑魔の技量3
녹마죽이기 1,SID_緑魔殺し1
녹마죽이기 2,SID_緑魔殺し2
녹마죽이기 3,SID_緑魔殺し3
질풍의 춤 1,SID_疾風の舞い1
질풍의 춤 2,SID_疾風の舞い2
질풍의 춤 3,SID_疾風の舞い3
대지정수의 춤 1,SID_大地静水の舞い1
대지정수의 춤 2,SID_大地静水の舞い2
사안,SID_邪眼
중인의 문장,SID_重刃の紋章
수인의 문장,SID_獣刃の紋章
기인의 문장,SID_騎刃の紋章
용인의 문장,SID_竜刃の紋章
비인의 문장,SID_飛刃の紋章
여신을 품은 자,SID_女神を宿せし者
그라니의 방패,SID_グラニの盾
녹색의 암투 1,SID_緑への暗闘1
녹색의 암투 2,SID_緑への暗闘2
녹색의 암투 3,SID_緑への暗闘3
선도의 전령 지 1,SID_先導の伝令・地1
선도의 전령 지 2,SID_先導の伝令・地2
선도의 전령 지 3,SID_先導の伝令・地3
캔슬 1,SID_キャンセル1
캔슬 2,SID_キャンセル2
캔슬 3,SID_キャンセル3
경계태세 1,SID_警戒姿勢1
경계태세 2,SID_警戒姿勢2
경계태세 3,SID_警戒姿勢3
하늘에서의 선도 1,SID_空からの先導1
하늘에서의 선도 2,SID_空からの先導2
하늘에서의 선도 3,SID_空からの先導3
부동의 자세 1,SID_不動の姿勢1
부동의 자세 2,SID_不動の姿勢2
부동의 자세 3,SID_不動の姿勢3
순벽대형 1,SID_盾壁隊形1
순벽대형 2,SID_盾壁隊形2
순벽대형 3,SID_盾壁隊形3
강검 1,SID_剛剣1
강검 2,SID_剛剣2
강검 3,SID_剛剣3
강검 4,SID_剛剣4
빛을 이은 자,SID_光をつぐもの
일격이탈,SID_一撃離脱
헤즐의 성전사,SID_ヘズルの聖戦士
지상 최후의 여신,SID_地上の最後の女神
최후의 성전,SID_最後の聖戦
중인의 고무,SID_重刃の鼓舞
공격의 고무 1,SID_攻撃の鼓舞1
공격의 고무 2,SID_攻撃の鼓舞2
공격의 고무 3,SID_攻撃の鼓舞3
공격의 고무 4,SID_攻撃の鼓舞4
수인의 고무,SID_獣刃の鼓舞
기인의 고무,SID_騎刃の鼓舞
용인의 고무,SID_竜刃の鼓舞
비인의 고무,SID_飛刃の鼓舞
속도의 고무 1,SID_速さの鼓舞1
속도의 고무 2,SID_速さの鼓舞2
속도의 고무 3,SID_速さの鼓舞3
속도의 고무 4,SID_速さの鼓舞4
HP 3,SID_HP1
HP 4,SID_HP2
HP 5,SID_HP3
HP공격 1,SID_HP攻撃1
HP공격 2,SID_HP攻撃2
HP수비 1,SID_HP守備1
HP수비 2,SID_HP守備2
HP마방 1,SID_HP魔防1
HP마방 2,SID_HP魔防2
HP속도 1,SID_HP速さ1
HP속도 2,SID_HP速さ2
인간의 가능성을!,SID_人の可能性を！
인간의 가능성을! 승,SID_人の可能性を！・承
들여다볼 수 없는 깊은 어둠,SID_見通せぬ深き暗闇
피할 수 없는 죽음,SID_死からは逃れられぬ
보행의 마인 1,SID_歩行の魔刃1
보행의 마인 2,SID_歩行の魔刃2
보행의 마인 3,SID_歩行の魔刃3
보행의 간파 추격 1,SID_歩行の見切り追撃1
보행의 간파 추격 2,SID_歩行の見切り追撃2
보행의 간파 추격 3,SID_歩行の見切り追撃3
속지휘 보행중시,SID_速指揮・歩行重視
보행의 호흡 1,SID_歩行の呼吸1
보행의 호흡 2,SID_歩行の呼吸2
보행의 호흡 3,SID_歩行の呼吸3
보행의 유격 1,SID_歩行の柔撃1
보행의 유격 2,SID_歩行の柔撃2
보행의 유격 3,SID_歩行の柔撃3
보행의 고동 1,SID_歩行の鼓動1
보행의 고동 2,SID_歩行の鼓動2
보행의 고동 3,SID_歩行の鼓動3
보행의 강격 1,SID_歩行の剛撃1
보행의 강격 2,SID_歩行の剛撃2
보행의 강격 3,SID_歩行の剛撃3
단련의 증표 공격 1,SID_鍛錬の証_攻撃1
단련의 증표 공격 2,SID_鍛錬の証_攻撃2
단련의 증표 공격 3,SID_鍛錬の証_攻撃3
단련의 증표 수비 1,SID_鍛錬の証_守備1
단련의 증표 수비 2,SID_鍛錬の証_守備2
단련의 증표 수비 3,SID_鍛錬の証_守備3
단련의 증표 HP 1,SID_鍛錬の証_HP1
단련의 증표 HP 2,SID_鍛錬の証_HP2
단련의 증표 HP 3,SID_鍛錬の証_HP3
단련의 증표 마방 1,SID_鍛錬の証_魔防1
단련의 증표 마방 2,SID_鍛錬の証_魔防2
단련의 증표 마방 3,SID_鍛錬の証_魔防3
단련의 증표 속도 1,SID_鍛錬の証_速さ1
단련의 증표 속도 2,SID_鍛錬の証_速さ2
단련의 증표 속도 3,SID_鍛錬の証_速さ3
아이오테의 방패,SID_アイオテの盾
원거리 상호경계,SID_遠距離相互警戒
공격의 상호대문장,SID_攻撃の相互大紋章
수비의 상호대문장,SID_守備の相互大紋章
마방의 상호대문장,SID_魔防の相互大紋章
속도의 상호대문장,SID_速さの相互大紋章
공격의 상호고무,SID_攻撃の相互鼓舞
수비의 상호고무,SID_守備の相互鼓舞
마방의 상호고무,SID_魔防の相互鼓舞
속도의 상호고무,SID_速さの相互鼓舞
귀신비연의 태세 1,SID_鬼神飛燕の構え1
귀신비연의 태세 2,SID_鬼神飛燕の構え2
귀신비연의 태세 3,SID_鬼神飛燕の構え3
죽었으면 해,SID_死んでほしいの
밀쳐내기,SID_叩き込み
창의 경험 1,SID_槍の経験1
창의 경험 2,SID_槍の経験2
창의 경험 3,SID_槍の経験3
창의 기량 1,SID_槍の技量1
창의 기량 2,SID_槍の技量2
창의 기량 3,SID_槍の技量3
창죽이기 1,SID_槍殺し1
창죽이기 2,SID_槍殺し2
창죽이기 3,SID_槍殺し3
사카의 법도,SID_サカの掟
사카의 법도 승,SID_サカの掟・承
사선 1,SID_死線1
사선 2,SID_死線2
사선 3,SID_死線3
사선 4,SID_死線4
빛과 어둠,SID_光と闇と
빛과 어둠 승,SID_光と闇と・承
풍요의 기쁨,SID_豊穣の喜び
영예의 기쁨,SID_栄誉の喜び
봉사의 기쁨 1,SID_ご奉仕の喜び1
봉사의 기쁨 2,SID_ご奉仕の喜び2
봉사의 기쁨 3,SID_ご奉仕の喜び3
공격수비의 나기 1,SID_攻撃守備の凪1
공격수비의 나기 2,SID_攻撃守備の凪2
공격수비의 나기 3,SID_攻撃守備の凪3
공격마방의 나기 1,SID_攻撃魔防の凪1
공격마방의 나기 2,SID_攻撃魔防の凪2
공격마방의 나기 3,SID_攻撃魔防の凪3
공격속도의 나기 1,SID_攻撃速さの凪1
공격속도의 나기 2,SID_攻撃速さの凪2
공격속도의 나기 3,SID_攻撃速さの凪3
속도수비의 나기 1,SID_速さ守備の凪1
속도수비의 나기 2,SID_速さ守備の凪2
속도수비의 나기 3,SID_速さ守備の凪3
속도마방의 나기 1,SID_速さ魔防の凪1
속도마방의 나기 2,SID_速さ魔防の凪2
속도마방의 나기 3,SID_速さ魔防の凪3
달의 팔찌,SID_月の腕輪
달의 팔찌 승,SID_月の腕輪・承
파고들기,SID_切り込み
미라의 톱니,SID_ミラの歯車
귀신명경의 순격 ,SID_鬼神明鏡の瞬撃3
귀신명경의 태세 1,SID_鬼神明鏡の構え1
귀신명경의 태세 2,SID_鬼神明鏡の構え2
귀신명경의 태세 3,SID_鬼神明鏡の構え3
귀신명경의 일격 1,SID_鬼神明鏡の一撃1
귀신명경의 일격 2,SID_鬼神明鏡の一撃2
쌍희의 월익,SID_双姫の月翼
화월의 팔찌,SID_華月の腕輪
화월의 팔찌 원,SID_華月の腕輪・遠
푸른 살인귀,SID_蒼き殺人鬼
생명의 호부 1,SID_生命の護符1
생명의 호부 2,SID_生命の護符2
생명의 호부 3,SID_生命の護符3
생명의 호부 4,SID_生命の護符4
새로워진 신룡왕,SID_新たなる神竜王
간파 반격불가 1,SID_見切り・反撃不可1
간파 반격불가 2,SID_見切り・反撃不可2
간파 반격불가 3,SID_見切り・反撃不可3
간파 추격효과 1,SID_見切り・追撃効果1
간파 추격효과 2,SID_見切り・追撃効果2
간파 추격효과 3,SID_見切り・追撃効果3
진군저지 1,SID_進軍阻止1
진군저지 2,SID_進軍阻止2
진군저지 3,SID_進軍阻止3
공격의 파도 홀수 1,SID_攻撃の波・奇数1
공격의 파도 홀수 2,SID_攻撃の波・奇数2
공격의 파도 홀수 3,SID_攻撃の波・奇数3
수비의 파도 홀수 1,SID_守備の波・奇数1
수비의 파도 홀수 2,SID_守備の波・奇数2
수비의 파도 홀수 3,SID_守備の波・奇数3
추격대형 홀수 1,SID_追撃隊形・奇数1
추격대형 홀수 2,SID_追撃隊形・奇数2
추격대형 홀수 3,SID_追撃隊形・奇数3
고동의 봉함 홀수 1,SID_鼓動の封緘・奇数1
고동의 봉함 홀수 2,SID_鼓動の封緘・奇数2
고동의 봉함 홀수 3,SID_鼓動の封緘・奇数3
쾌유 홀수 1,SID_快癒・奇数1
쾌유 홀수 2,SID_快癒・奇数2
쾌유 홀수 3,SID_快癒・奇数3
마방의 파도 홀수 1,SID_魔防の波・奇数1
마방의 파도 홀수 2,SID_魔防の波・奇数2
마방의 파도 홀수 3,SID_魔防の波・奇数3
속도의 파도 홀수 1,SID_速さの波・奇数1
속도의 파도 홀수 2,SID_速さの波・奇数2
속도의 파도 홀수 3,SID_速さの波・奇数3
신뢰풍렬 홀수 1,SID_迅雷風烈・奇数1
신뢰풍렬 홀수 2,SID_迅雷風烈・奇数2
신뢰풍렬 홀수 3,SID_迅雷風烈・奇数3
모두가 이어진 세계,SID_みんなが繋がる世界
개신의 권속,SID_開神の眷属
"속박, 질서, 안정",SID_束縛、秩序、安定
오스티아의 고동,SID_オスティアの鼓動
맹주의 고동 승,SID_盟主の鼓動・承
오스티아의 반격,SID_オスティアの反撃
공황의 기책 1,SID_恐慌の奇策1
공황의 기책 2,SID_恐慌の奇策2
공황의 기책 3,SID_恐慌の奇策3
공황의 환연 1,SID_恐慌の幻煙1
공황의 환연 2,SID_恐慌の幻煙2
공황의 환연 3,SID_恐慌の幻煙3
통과하기 1,SID_すり抜け1
통과하기 2,SID_すり抜け2
통과하기 3,SID_すり抜け3
천마행공 1,SID_天馬行空1
천마행공 2,SID_天馬行空2
천마행공 3,SID_天馬行空3
마방의 허세 1,SID_魔防の虚勢1
마방의 허세 2,SID_魔防の虚勢2
마방의 허세 3,SID_魔防の虚勢3
속도의 허세 1,SID_速さの虚勢1
속도의 허세 2,SID_速さの虚勢2
속도의 허세 3,SID_速さの虚勢3
뱀독 1,SID_蛇毒1
뱀독 2,SID_蛇毒2
뱀독 3,SID_蛇毒3
미래를 아는 힘,SID_未来を知る力
고동의 환연 1,SID_鼓動の幻煙1
고동의 환연 2,SID_鼓動の幻煙2
고동의 환연 3,SID_鼓動の幻煙3
되받아치기 1,SID_切り返し1
되받아치기 2,SID_切り返し2
되받아치기 3,SID_切り返し3
오의의 고동,SID_奥義の鼓動
적의 사투 기마 1,SID_赤の死闘・騎馬1
적의 사투 기마 2,SID_赤の死闘・騎馬2
적의 사투 기마 3,SID_赤の死闘・騎馬3
적의 사투 기마 4,SID_赤の死闘・騎馬4
적의 사투 비행 1,SID_赤の死闘・飛行1
적의 사투 비행 2,SID_赤の死闘・飛行2
적의 사투 비행 3,SID_赤の死闘・飛行3
적의 사투 비행 4,SID_赤の死闘・飛行4
적의 사투 보행 1,SID_赤の死闘・歩行1
적의 사투 보행 2,SID_赤の死闘・歩行2
적의 사투 보행 3,SID_赤の死闘・歩行3
적의 사투 보행 4,SID_赤の死闘・歩行4
적마의 경험 1,SID_赤魔の経験1
적마의 경험 2,SID_赤魔の経験2
적마의 경험 3,SID_赤魔の経験3
적마의 기량 1,SID_赤魔の技量1
적마의 기량 2,SID_赤魔の技量2
적마의 기량 3,SID_赤魔の技量3
적마죽이기 1,SID_赤魔殺し1
적마죽이기 2,SID_赤魔殺し2
적마죽이기 3,SID_赤魔殺し3
광풍,SID_狂嵐
리커버 링,SID_リカバーリング
적색의 암투 1,SID_赤への暗闘1
적색의 암투 2,SID_赤への暗闘2
적색의 암투 3,SID_赤への暗闘3
회복 1,SID_回復1
회복 2,SID_回復2
회복 3,SID_回復3
회피 밀쳐내기 1,SID_回避・叩き込み1
회피 밀쳐내기 2,SID_回避・叩き込み2
회피 밀쳐내기 3,SID_回避・叩き込み3
마방의 매료 1,SID_魔防の魅了1
마방의 매료 2,SID_魔防の魅了2
마방의 매료 3,SID_魔防の魅了3
마방의 공모 1,SID_魔防の共謀1
마방의 공모 2,SID_魔防の共謀2
마방의 공모 3,SID_魔防の共謀3
마방의 개방 1,SID_魔防の開放1
마방의 개방 2,SID_魔防の開放2
마방의 개방 3,SID_魔防の開放3
마방의 모책 1,SID_魔防の謀策1
마방의 모책 2,SID_魔防の謀策2
마방의 모책 3,SID_魔防の謀策3
마방의 자연 1,SID_魔防の紫煙1
마방의 자연 2,SID_魔防の紫煙2
마방의 자연 3,SID_魔防の紫煙3
마방의 지휘 1,SID_魔防の指揮1
마방의 지휘 2,SID_魔防の指揮2
마방의 지휘 3,SID_魔防の指揮3
마방 1,SID_魔防1
마방 2,SID_魔防2
마방 3,SID_魔防3
질풍대지의 춤 1,SID_疾風大地の舞い1
질풍대지의 춤 2,SID_疾風大地の舞い2
공격수비의 분기 1,SID_攻撃守備の奮起1
공격수비의 분기 2,SID_攻撃守備の奮起2
공격수비의 분기 3,SID_攻撃守備の奮起3
공격수비의 분기 4,SID_攻撃守備の奮起4
공격마방의 분기 1,SID_攻撃魔防の奮起1
공격마방의 분기 2,SID_攻撃魔防の奮起2
공격마방의 분기 3,SID_攻撃魔防の奮起3
공격마방의 분기 4,SID_攻撃魔防の奮起4
공격속도의 분기 1,SID_攻撃速さの奮起1
공격속도의 분기 2,SID_攻撃速さの奮起2
공격속도의 분기 3,SID_攻撃速さの奮起3
공격속도의 분기 4,SID_攻撃速さの奮起4
수비마방의 분기 1,SID_守備魔防の奮起1
수비마방의 분기 2,SID_守備魔防の奮起2
수비마방의 분기 3,SID_守備魔防の奮起3
속도수비의 분기 1,SID_速さ守備の奮起1
속도수비의 분기 2,SID_速さ守備の奮起2
속도수비의 분기 3,SID_速さ守備の奮起3
속도수비의 분기 4,SID_速さ守備の奮起4
속도마방의 분기 1,SID_速さ魔防の奮起1
속도마방의 분기 2,SID_速さ魔防の奮起2
속도마방의 분기 3,SID_速さ魔防の奮起3
속도수비의 원영 1,SID_速さ守備の遠影1
속도수비의 원영 2,SID_速さ守備の遠影2
속도수비의 원영 3,SID_速さ守備の遠影3
속도수비의 근영 1,SID_速さ守備の近影1
속도수비의 근영 2,SID_速さ守備の近影2
속도수비의 근영 3,SID_速さ守備の近影3
S드링크,SID_Ｓドリンク
속도마방의 원영 1,SID_速さ魔防の遠影1
속도마방의 원영 2,SID_速さ魔防の遠影2
속도마방의 원영 3,SID_速さ魔防の遠影3
속도마방의 근영 1,SID_速さ魔防の近影1
속도마방의 근영 2,SID_速さ魔防の近影2
속도마방의 근영 3,SID_速さ魔防の近影3
공격의 혼란 1,SID_攻撃の混乱1
공격의 혼란 2,SID_攻撃の混乱2
공격의 혼란 3,SID_攻撃の混乱3
수비의 혼란 1,SID_守備の混乱1
수비의 혼란 2,SID_守備の混乱2
수비의 혼란 3,SID_守備の混乱3
마방의 혼란 1,SID_魔防の混乱1
마방의 혼란 2,SID_魔防の混乱2
마방의 혼란 3,SID_魔防の混乱3
속도의 혼란 1,SID_速さの混乱1
속도의 혼란 2,SID_速さの混乱2
속도의 혼란 3,SID_速さの混乱3
사카의 가호 ,SID_サカの加護
죽음의 숨결 1,SID_死の吐息1
죽음의 숨결 2,SID_死の吐息2
죽음의 숨결 3,SID_死の吐息3
혜안대형 1,SID_慧眼隊形1
혜안대형 2,SID_慧眼隊形2
혜안대형 3,SID_慧眼隊形3
패신단룡검,SID_覇神断竜剣
공격봉쇄 1,SID_攻撃封じ1
공격봉쇄 2,SID_攻撃封じ2
공격봉쇄 3,SID_攻撃封じ3
공격수비봉쇄 1,SID_攻撃守備封じ1
공격수비봉쇄 2,SID_攻撃守備封じ2
공격마방봉쇄 1,SID_攻撃魔防封じ1
공격마방봉쇄 2,SID_攻撃魔防封じ2
공격속도봉쇄 1,SID_攻撃速さ封じ1
공격속도봉쇄 2,SID_攻撃速さ封じ2
수비봉쇄 1,SID_守備封じ1
수비봉쇄 2,SID_守備封じ2
수비봉쇄 3,SID_守備封じ3
수비봉쇄 4,SID_守備封じ4
수비마방봉쇄 1,SID_守備魔防封じ1
수비마방봉쇄 2,SID_守備魔防封じ2
마방봉쇄 1,SID_魔防封じ1
마방봉쇄 2,SID_魔防封じ2
마방봉쇄 3,SID_魔防封じ3
마방봉쇄 4,SID_魔防封じ4
속도봉쇄 1,SID_速さ封じ1
속도봉쇄 2,SID_速さ封じ2
속도봉쇄 3,SID_速さ封じ3
속도수비봉쇄 1,SID_速さ守備封じ1
속도수비봉쇄 2,SID_速さ守備封じ2
속도마방봉쇄 1,SID_速さ魔防封じ1
속도마방봉쇄 2,SID_速さ魔防封じ2
방패의 고동 1,SID_盾の鼓動1
방패의 고동 2,SID_盾の鼓動2
방패의 고동 3,SID_盾の鼓動3
실드 세션 1,SID_盾のセッション1
실드 세션 2,SID_盾のセッション2
실드 세션 3,SID_盾のセッション3
정면대형 자기 1,SID_正面隊形・自己1
정면대형 자기 2,SID_正面隊形・自己2
정면대형 자기 3,SID_正面隊形・自己3
태양의 팔찌,SID_太陽の腕輪
태양의 팔찌 승,SID_太陽の腕輪・承
불괴 1,SID_不壊1
불괴 2,SID_不壊2
불괴 3,SID_不壊3
불괴 4,SID_不壊4
외톨이의 꿈,SID_ひとりぼっちのゆめ
마도의 칼날 1,SID_魔道の刃1
마도의 칼날 2,SID_魔道の刃2
마도의 칼날 3,SID_魔道の刃3
소피아의 혼,SID_ソフィアの魂
생명의 빛,SID_生命の輝き
생명의 빛 신,SID_生命の輝き・神
속도의 매료 1,SID_速さの魅了1
속도의 매료 2,SID_速さの魅了2
속도의 매료 3,SID_速さの魅了3
속도수비 1,SID_速さ守備1
속도수비 2,SID_速さ守備2
속도수비의 인연 1,SID_速さ守備の絆1
속도수비의 인연 2,SID_速さ守備の絆2
속도수비의 인연 3,SID_速さ守備の絆3
속도수비의 인연 4,SID_速さ守備の絆4
속도수비의 방벽 1,SID_速さ守備の防壁1
속도수비의 방벽 2,SID_速さ守備の防壁2
속도수비의 방벽 3,SID_速さ守備の防壁3
속도수비의 기선 1,SID_速さ守備の機先1
속도수비의 기선 2,SID_速さ守備の機先2
속도수비의 기선 3,SID_速さ守備の機先3
속도수비의 기선 4,SID_速さ守備の機先4
속도수비의 밀집 1,SID_速さ守備の密集1
속도수비의 밀집 2,SID_速さ守備の密集2
속도수비의 밀집 3,SID_速さ守備の密集3
속도수비의 대개방 1,SID_速さ守備の大開放1
속도수비의 대개방 2,SID_速さ守備の大開放2
속도수비의 대개방 3,SID_速さ守備の大開放3
속도수비의 대견제,SID_速さ守備の大牽制
속도수비의 만전 1,SID_速さ守備の万全1
속도수비의 만전 2,SID_速さ守備の万全2
속도수비의 만전 3,SID_速さ守備の万全3
속도수비의 만전 4,SID_速さ守備の万全4
속도수비의 연계 1,SID_速さ守備の連携1
속도수비의 연계 2,SID_速さ守備の連携2
속도수비의 연계 3,SID_速さ守備の連携3
속도수비의 협혁,SID_速さ守備の脅嚇3
속도수비의 신의 1,SID_速さ守備の信義1
속도수비의 신의 2,SID_速さ守備の信義2
속도수비의 신의 3,SID_速さ守備の信義3
속도수비의 견제 1,SID_速さ守備の牽制1
속도수비의 견제 2,SID_速さ守備の牽制2
속도수비의 견제 3,SID_速さ守備の牽制3
속도수비의 대공모 1,SID_速さ守備の大共謀1
속도수비의 대공모 2,SID_速さ守備の大共謀2
속도수비의 대공모 3,SID_速さ守備の大共謀3
속도수비의 간섭 1,SID_速さ守備の干渉1
속도수비의 간섭 2,SID_速さ守備の干渉2
속도수비의 간섭 3,SID_速さ守備の干渉3
속도수비의 고군 1,SID_速さ守備の孤軍1
속도수비의 고군 2,SID_速さ守備の孤軍2
속도수비의 고군 3,SID_速さ守備の孤軍3
속도수비의 고군 4,SID_速さ守備の孤軍4
속도수비의 박절 1,SID_速さ守備の拍節1
속도수비의 박절 2,SID_速さ守備の拍節2
속도수비의 박절 3,SID_速さ守備の拍節3
속도의 공모 1,SID_速さの共謀1
속도의 공모 2,SID_速さの共謀2
속도의 공모 3,SID_速さの共謀3
속도의 개방 1,SID_速さの開放1
속도의 개방 2,SID_速さの開放2
속도의 개방 3,SID_速さの開放3
속도의 모책 1,SID_速さの謀策1
속도의 모책 2,SID_速さの謀策2
속도의 모책 3,SID_速さの謀策3
속도의 선제 1,SID_速さの先制1
속도의 선제 2,SID_速さの先制2
속도의 선제 3,SID_速さの先制3
속도마방 1,SID_速さ魔防1
속도마방 2,SID_速さ魔防2
속도마방의 인연 1,SID_速さ魔防の絆1
속도마방의 인연 2,SID_速さ魔防の絆2
속도마방의 인연 3,SID_速さ魔防の絆3
속도마방의 인연 4,SID_速さ魔防の絆4
속도마방의 밀집 1,SID_速さ魔防の密集1
속도마방의 밀집 2,SID_速さ魔防の密集2
속도마방의 밀집 3,SID_速さ魔防の密集3
속도마방의 대개방 1,SID_速さ魔防の大開放1
속도마방의 대개방 2,SID_速さ魔防の大開放2
속도마방의 대개방 3,SID_速さ魔防の大開放3
속도마방의 대견제,SID_速さ魔防の大牽制
속도마방의 연계 1,SID_速さ魔防の連携1
속도마방의 연계 2,SID_速さ魔防の連携2
속도마방의 연계 3,SID_速さ魔防の連携3
속도마방의 협혁,SID_速さ魔防の脅嚇3
속도마방의 신의 1,SID_速さ魔防の信義1
속도마방의 신의 2,SID_速さ魔防の信義2
속도마방의 신의 3,SID_速さ魔防の信義3
속도마방의 견제 1,SID_速さ魔防の牽制1
속도마방의 견제 2,SID_速さ魔防の牽制2
속도마방의 견제 3,SID_速さ魔防の牽制3
속도마방의 대공모 1,SID_速さ魔防の大共謀1
속도마방의 대공모 2,SID_速さ魔防の大共謀2
속도마방의 대공모 3,SID_速さ魔防の大共謀3
속도마방의 간섭 1,SID_速さ魔防の干渉1
속도마방의 간섭 2,SID_速さ魔防の干渉2
속도마방의 간섭 3,SID_速さ魔防の干渉3
속도마방의 고군 1,SID_速さ魔防の孤軍1
속도마방의 고군 2,SID_速さ魔防の孤軍2
속도마방의 고군 3,SID_速さ魔防の孤軍3
속도마방의 고군 4,SID_速さ魔防の孤軍4
속도마방의 박절 1,SID_速さ魔防の拍節1
속도마방의 박절 2,SID_速さ魔防の拍節2
속도마방의 박절 3,SID_速さ魔防の拍節3
속도의 자연 1,SID_速さの紫煙1
속도의 자연 2,SID_速さの紫煙2
속도의 자연 3,SID_速さの紫煙3
속도의 자연 4,SID_速さの紫煙4
속도의 지휘 1,SID_速さの指揮1
속도의 지휘 2,SID_速さの指揮2
속도의 지휘 3,SID_速さの指揮3
오의대형 1,SID_奥義隊形1
오의대형 2,SID_奥義隊形2
오의대형 3,SID_奥義隊形3
오의의 나선 1,SID_奥義の螺旋1
오의의 나선 2,SID_奥義の螺旋2
오의의 나선 3,SID_奥義の螺旋3
속도 1,SID_速さ1
속도 2,SID_速さ2
속도 3,SID_速さ3
공격의 문장 1,SID_攻撃の紋章1
공격의 문장 2,SID_攻撃の紋章2
공격의 문장 3,SID_攻撃の紋章3
공격수비의 문장 1,SID_攻撃守備の紋章1
공격수비의 문장 2,SID_攻撃守備の紋章2
공격마방의 문장 1,SID_攻撃魔防の紋章1
공격마방의 문장 2,SID_攻撃魔防の紋章2
공격속도의 문장 1,SID_攻撃速さの紋章1
공격속도의 문장 2,SID_攻撃速さの紋章2
수비의 문장 1,SID_守備の紋章1
수비의 문장 2,SID_守備の紋章2
수비의 문장 3,SID_守備の紋章3
수비마방의 문장 1,SID_守備魔防の紋章1
수비마방의 문장 2,SID_守備魔防の紋章2
마방의 문장 1,SID_魔防の紋章1
마방의 문장 2,SID_魔防の紋章2
마방의 문장 3,SID_魔防の紋章3
속도의 문장 1,SID_速さの紋章1
속도의 문장 2,SID_速さの紋章2
속도의 문장 3,SID_速さの紋章3
속도수비의 문장 1,SID_速さ守備の紋章1
속도수비의 문장 2,SID_速さ守備の紋章2
속도마방의 문장 1,SID_速さ魔防の紋章1
속도마방의 문장 2,SID_速さ魔防の紋章2
회피 분노 1,SID_回避・怒り1
회피 분노 2,SID_回避・怒り2
회피 분노 3,SID_回避・怒り3
제1미궁의 패자 1,SID_第1迷宮の覇者1
제1미궁의 패자 2,SID_第1迷宮の覇者2
제1미궁의 패자 3,SID_第1迷宮の覇者3
제27미궁의 패자 1,SID_第27迷宮の覇者1
제27미궁의 패자 2,SID_第27迷宮の覇者2
제27미궁의 패자 3,SID_第27迷宮の覇者3
제28미궁의 패자 1,SID_第28迷宮の覇者1
제28미궁의 패자 2,SID_第28迷宮の覇者2
제28미궁의 패자 3,SID_第28迷宮の覇者3
제29미궁의 패자 1,SID_第29迷宮の覇者1
제29미궁의 패자 2,SID_第29迷宮の覇者2
제29미궁의 패자 3,SID_第29迷宮の覇者3
제30미궁의 패자 1,SID_第30迷宮の覇者1
제30미궁의 패자 2,SID_第30迷宮の覇者2
제30미궁의 패자 3,SID_第30迷宮の覇者3
제31미궁의 패자 1,SID_第31迷宮の覇者1
제31미궁의 패자 2,SID_第31迷宮の覇者2
제32미궁의 패자 1,SID_第32迷宮の覇者1
제32미궁의 패자 2,SID_第32迷宮の覇者2
제33미궁의 패자 1,SID_第33迷宮の覇者1
제33미궁의 패자 2,SID_第33迷宮の覇者2
제34미궁의 패자 1,SID_第34迷宮の覇者1
제34미궁의 패자 2,SID_第34迷宮の覇者2
제35미궁의 패자 1,SID_第35迷宮の覇者1
제35미궁의 패자 2,SID_第35迷宮の覇者2
제36미궁의 패자 1,SID_第36迷宮の覇者1
제36미궁의 패자 2,SID_第36迷宮の覇者2
제37미궁의 패자 1,SID_第37迷宮の覇者1
제37미궁의 패자 2,SID_第37迷宮の覇者2
제38미궁의 패자 1,SID_第38迷宮の覇者1
제38미궁의 패자 2,SID_第38迷宮の覇者2
제39미궁의 패자 1,SID_第39迷宮の覇者1
제39미궁의 패자 2,SID_第39迷宮の覇者2
제40미궁의 패자 1,SID_第40迷宮の覇者1
제40미궁의 패자 2,SID_第40迷宮の覇者2
제41미궁의 패자 1,SID_第41迷宮の覇者1
제41미궁의 패자 2,SID_第41迷宮の覇者2
제42미궁의 패자 1,SID_第42迷宮の覇者1
제42미궁의 패자 2,SID_第42迷宮の覇者2
제43미궁의 패자 1,SID_第43迷宮の覇者1
제43미궁의 패자 2,SID_第43迷宮の覇者2
제44미궁의 패자 1,SID_第44迷宮の覇者1
제44미궁의 패자 2,SID_第44迷宮の覇者2
제45미궁의 패자 1,SID_第45迷宮の覇者1
제45미궁의 패자 2,SID_第45迷宮の覇者2
제46미궁의 패자 1,SID_第46迷宮の覇者1
제46미궁의 패자 2,SID_第46迷宮の覇者2
제47미궁의 패자 1,SID_第47迷宮の覇者1
제47미궁의 패자 2,SID_第47迷宮の覇者2
제48미궁의 패자 1,SID_第48迷宮の覇者1
제48미궁의 패자 2,SID_第48迷宮の覇者2
제49미궁의 패자 1,SID_第49迷宮の覇者1
제49미궁의 패자 2,SID_第49迷宮の覇者2
제50미궁의 패자 1,SID_第50迷宮の覇者1
제50미궁의 패자 2,SID_第50迷宮の覇者2
제51미궁의 패자 1,SID_第51迷宮の覇者1
제51미궁의 패자 2,SID_第51迷宮の覇者2
제52미궁의 패자 1,SID_第52迷宮の覇者1
제52미궁의 패자 2,SID_第52迷宮の覇者2
제2미궁의 패자 1,SID_第2迷宮の覇者1
제2미궁의 패자 2,SID_第2迷宮の覇者2
제2미궁의 패자 3,SID_第2迷宮の覇者3
제53미궁의 패자 1,SID_第53迷宮の覇者1
제53미궁의 패자 2,SID_第53迷宮の覇者2
제54미궁의 패자 1,SID_第54迷宮の覇者1
제54미궁의 패자 2,SID_第54迷宮の覇者2
제55미궁의 패자 1,SID_第55迷宮の覇者1
제55미궁의 패자 2,SID_第55迷宮の覇者2
제56미궁의 패자 1,SID_第56迷宮の覇者1
제56미궁의 패자 2,SID_第56迷宮の覇者2
제57미궁의 패자 1,SID_第57迷宮の覇者1
제57미궁의 패자 2,SID_第57迷宮の覇者2
제58미궁의 패자 1,SID_第58迷宮の覇者1
제58미궁의 패자 2,SID_第58迷宮の覇者2
제59미궁의 패자 1,SID_第59迷宮の覇者1
제59미궁의 패자 2,SID_第59迷宮の覇者2
제60미궁의 패자 1,SID_第60迷宮の覇者1
제60미궁의 패자 2,SID_第60迷宮の覇者2
제61미궁의 패자 1,SID_第61迷宮の覇者1
제61미궁의 패자 2,SID_第61迷宮の覇者2
제62미궁의 패자 1,SID_第62迷宮の覇者1
제62미궁의 패자 2,SID_第62迷宮の覇者2
제63미궁의 패자 1,SID_第63迷宮の覇者1
제63미궁의 패자 2,SID_第63迷宮の覇者2
제64미궁의 패자 1,SID_第64迷宮の覇者1
제64미궁의 패자 2,SID_第64迷宮の覇者2
제3미궁의 패자 1,SID_第3迷宮の覇者1
제3미궁의 패자 2,SID_第3迷宮の覇者2
제3미궁의 패자 3,SID_第3迷宮の覇者3
제4미궁의 패자 1,SID_第4迷宮の覇者1
제4미궁의 패자 2,SID_第4迷宮の覇者2
제4미궁의 패자 3,SID_第4迷宮の覇者3
제5미궁의 패자 1,SID_第5迷宮の覇者1
제5미궁의 패자 2,SID_第5迷宮の覇者2
제5미궁의 패자 3,SID_第5迷宮の覇者3
제6미궁의 패자 1,SID_第6迷宮の覇者1
제6미궁의 패자 2,SID_第6迷宮の覇者2
제6미궁의 패자 3,SID_第6迷宮の覇者3
제7미궁의 패자 1,SID_第7迷宮の覇者1
제7미궁의 패자 2,SID_第7迷宮の覇者2
제7미궁의 패자 3,SID_第7迷宮の覇者3
제8미궁의 패자 1,SID_第8迷宮の覇者1
제8미궁의 패자 2,SID_第8迷宮の覇者2
제8미궁의 패자 3,SID_第8迷宮の覇者3
제9미궁의 패자 1,SID_第9迷宮の覇者1
제9미궁의 패자 2,SID_第9迷宮の覇者2
제9미궁의 패자 3,SID_第9迷宮の覇者3
제10미궁의 패자 1,SID_第10迷宮の覇者1
제10미궁의 패자 2,SID_第10迷宮の覇者2
제10미궁의 패자 3,SID_第10迷宮の覇者3
제11미궁의 패자 1,SID_第11迷宮の覇者1
제11미궁의 패자 2,SID_第11迷宮の覇者2
제11미궁의 패자 3,SID_第11迷宮の覇者3
제12미궁의 패자 1,SID_第12迷宮の覇者1
제12미궁의 패자 2,SID_第12迷宮の覇者2
제12미궁의 패자 3,SID_第12迷宮の覇者3
제13미궁의 패자 1,SID_第13迷宮の覇者1
제13미궁의 패자 2,SID_第13迷宮の覇者2
제13미궁의 패자 3,SID_第13迷宮の覇者3
제14미궁의 패자 1,SID_第14迷宮の覇者1
제14미궁의 패자 2,SID_第14迷宮の覇者2
제14미궁의 패자 3,SID_第14迷宮の覇者3
제15미궁의 패자 1,SID_第15迷宮の覇者1
제15미궁의 패자 2,SID_第15迷宮の覇者2
제15미궁의 패자 3,SID_第15迷宮の覇者3
제16미궁의 패자 1,SID_第16迷宮の覇者1
제16미궁의 패자 2,SID_第16迷宮の覇者2
제16미궁의 패자 3,SID_第16迷宮の覇者3
제17미궁의 패자 1,SID_第17迷宮の覇者1
제17미궁의 패자 2,SID_第17迷宮の覇者2
제17미궁의 패자 3,SID_第17迷宮の覇者3
제18미궁의 패자 1,SID_第18迷宮の覇者1
제18미궁의 패자 2,SID_第18迷宮の覇者2
제18미궁의 패자 3,SID_第18迷宮の覇者3
제19미궁의 패자 1,SID_第19迷宮の覇者1
제19미궁의 패자 2,SID_第19迷宮の覇者2
제19미궁의 패자 3,SID_第19迷宮の覇者3
제20미궁의 패자 1,SID_第20迷宮の覇者1
제20미궁의 패자 2,SID_第20迷宮の覇者2
제20미궁의 패자 3,SID_第20迷宮の覇者3
제21미궁의 패자 1,SID_第21迷宮の覇者1
제21미궁의 패자 2,SID_第21迷宮の覇者2
제21미궁의 패자 3,SID_第21迷宮の覇者3
제22미궁의 패자 1,SID_第22迷宮の覇者1
제22미궁의 패자 2,SID_第22迷宮の覇者2
제22미궁의 패자 3,SID_第22迷宮の覇者3
제23미궁의 패자 1,SID_第23迷宮の覇者1
제23미궁의 패자 2,SID_第23迷宮の覇者2
제23미궁의 패자 3,SID_第23迷宮の覇者3
제24미궁의 패자 1,SID_第24迷宮の覇者1
제24미궁의 패자 2,SID_第24迷宮の覇者2
제24미궁의 패자 3,SID_第24迷宮の覇者3
제25미궁의 패자 1,SID_第25迷宮の覇者1
제25미궁의 패자 2,SID_第25迷宮の覇者2
제25미궁의 패자 3,SID_第25迷宮の覇者3
제26미궁의 패자 1,SID_第26迷宮の覇者1
제26미궁의 패자 2,SID_第26迷宮の覇者2
제26미궁의 패자 3,SID_第26迷宮の覇者3
지팡이의 경험 1,SID_杖の経験1
지팡이의 경험 2,SID_杖の経験2
지팡이의 경험 3,SID_杖の経験3
지팡이의 기량 1,SID_杖の技量1
지팡이의 기량 2,SID_杖の技量2
지팡이의 기량 3,SID_杖の技量3
공전의 기책 1,SID_空転の奇策1
공전의 기책 2,SID_空転の奇策2
공전의 기책 3,SID_空転の奇策3
비연금강의 일격 1,SID_飛燕金剛の一撃1
비연금강의 일격 2,SID_飛燕金剛の一撃2
금강의 호흡,SID_金剛の呼吸
비연금강의 순격,SID_飛燕金剛の瞬撃3
비연금강의 태세 1,SID_飛燕金剛の構え1
비연금강의 태세 2,SID_飛燕金剛の構え2
비연금강의 태세 3,SID_飛燕金剛の構え3
금강의 태세 1,SID_金剛の構え1
금강의 태세 2,SID_金剛の構え2
금강의 태세 3,SID_金剛の構え3
금강의 태세 4,SID_金剛の構え4
지수 1,SID_止水1
지수 2,SID_止水2
지수 3,SID_止水3
지수 4,SID_止水4
귀신금강의 일격 1,SID_鬼神金剛の一撃1
귀신금강의 일격 2,SID_鬼神金剛の一撃2
귀신금강의 순격,SID_鬼神金剛の一撃3
귀신금강의 태세 1,SID_鬼神金剛の構え1
귀신금강의 태세 2,SID_鬼神金剛の構え2
귀신금강의 태세 3,SID_鬼神金剛の構え3
귀신금강의 박격,SID_鬼神金剛の迫撃3
공황의 혼란 1,SID_恐慌の惑乱1
공황의 혼란 2,SID_恐慌の惑乱2
공황의 혼란 3,SID_恐慌の惑乱3
쌍희의 양익,SID_双姫の陽翼
귀신비연의 박격,SID_鬼神飛燕の迫撃3
염왕의 위협,SID_炎王の威嚇
염왕의 협혁,SID_炎王の脅嚇
스벨의 방패,SID_スヴェルの盾
비연명경의 순격,SID_飛燕明鏡の瞬撃3
귀신비연의 일격 1,SID_鬼神飛燕の一撃1
귀신비연의 일격 2,SID_鬼神飛燕の一撃2
귀신비연의 일격 3,SID_鬼神飛燕の一撃3
비연명경의 태세 1,SID_飛燕明鏡の構え1
비연명경의 태세 2,SID_飛燕明鏡の構え2
비연명경의 태세 3,SID_飛燕明鏡の構え3
비연명경의 일격 1,SID_飛燕明鏡の一撃1
비연명경의 일격 2,SID_飛燕明鏡の一撃2
검의 경험 1,SID_剣の経験1
검의 경험 2,SID_剣の経験2
검의 경험 3,SID_剣の経験3
검의 기량 1,SID_剣の技量1
검의 기량 2,SID_剣の技量2
검의 기량 3,SID_剣の技量3
검죽이기 1,SID_剣殺し1
검죽이기 2,SID_剣殺し2
검죽이기 3,SID_剣殺し3
공격수비의 위협 1,SID_攻撃守備の威嚇1
공격수비의 위협 2,SID_攻撃守備の威嚇2
공격수비의 위협 3,SID_攻撃守備の威嚇3
공격마방의 위협 1,SID_攻撃魔防の威嚇1
공격마방의 위협 2,SID_攻撃魔防の威嚇2
공격마방의 위협 3,SID_攻撃魔防の威嚇3
공격속도의 위협 1,SID_攻撃速さの威嚇1
공격속도의 위협 2,SID_攻撃速さの威嚇2
공격속도의 위협 3,SID_攻撃速さの威嚇3
수비마방의 위협 1,SID_守備魔防の威嚇1
수비마방의 위협 2,SID_守備魔防の威嚇2
속도수비의 위협 1,SID_速さ守備の威嚇1
속도수비의 위협 2,SID_速さ守備の威嚇2
속도마방의 위협 1,SID_速さ魔防の威嚇1
속도마방의 위협 2,SID_速さ魔防の威嚇2
공격의 위협 1,SID_攻撃の威嚇1
공격의 위협 2,SID_攻撃の威嚇2
공격의 위협 3,SID_攻撃の威嚇3
수비의 위협 1,SID_守備の威嚇1
수비의 위협 2,SID_守備の威嚇2
수비의 위협 3,SID_守備の威嚇3
마방의 위협 1,SID_魔防の威嚇1
마방의 위협 2,SID_魔防の威嚇2
마방의 위협 3,SID_魔防の威嚇3
속도의 위협 1,SID_速さの威嚇1
속도의 위협 2,SID_速さの威嚇2
속도의 위협 3,SID_速さの威嚇3
시작의 고동 1,SID_始まりの鼓動1
시작의 고동 2,SID_始まりの鼓動2
시작의 고동 3,SID_始まりの鼓動3
정수의 춤 1,SID_静水の舞い1
정수의 춤 2,SID_静水の舞い2
정수의 춤 3,SID_静水の舞い3
상성격화 1,SID_相性激化1
상성격화 2,SID_相性激化2
상성격화 3,SID_相性激化3
진용린장벽,SID_真竜鱗障壁
메가퀘이크,SID_メガクェイク
메가퀘이크 신,SID_メガクェイク・神
매복 1,SID_待ち伏せ1
매복 2,SID_待ち伏せ2
매복 3,SID_待ち伏せ3
회피 박절 1,SID_回避・拍節1
회피 박절 2,SID_回避・拍節2
회피 박절 3,SID_回避・拍節3
영격대형 1,SID_迎撃隊形1
영격대형 2,SID_迎撃隊形2
영격대형 3,SID_迎撃隊形3
위대한 사카의 법도,SID_大いなるサカの掟
이상향이 되도록,SID_理想郷となるように
이상향이 되도록 승,SID_理想郷となる…・承
중순의 문장,SID_重盾の紋章
수순의 문장,SID_獣盾の紋章
기순의 문장,SID_騎盾の紋章
용순의 문장,SID_竜盾の紋章
비순의 문장,SID_飛盾の紋章
명경의 일격 1,SID_明鏡の一撃1
명경의 일격 2,SID_明鏡の一撃2
명경의 일격 3,SID_明鏡の一撃3
명경의 호흡,SID_明鏡の呼吸
명경의 태세 1,SID_明鏡の構え1
명경의 태세 2,SID_明鏡の構え2
명경의 태세 3,SID_明鏡の構え3
명경의 태세 4,SID_明鏡の構え4
전이의 가루,SID_転移の粉
수비대형 1,SID_守備隊形1
수비대형 2,SID_守備隊形2
수비대형 3,SID_守備隊形3
생명의 정수 1,SID_生命の静水1
생명의 정수 2,SID_生命の静水2
생명의 정수 3,SID_生命の静水3
물쓸이 1,SID_水薙ぎ1
물쓸이 2,SID_水薙ぎ2
물쓸이 3,SID_水薙ぎ3
정면대형 적방 1,SID_正面隊形・敵方1
정면대형 적방 2,SID_正面隊形・敵方2
정면대형 적방 3,SID_正面隊形・敵方3
생명의 질풍 1,SID_生命の疾風1
생명의 질풍 2,SID_生命の疾風2
생명의 질풍 3,SID_生命の疾風3
바람쓸이 1,SID_風薙ぎ1
바람쓸이 2,SID_風薙ぎ2
바람쓸이 3,SID_風薙ぎ3
찬란하게 빛나는 날개,SID_光輝く翼
구원의 행로 1,SID_救援の行路1
구원의 행로 2,SID_救援の行路2
구원의 행로 3,SID_救援の行路3
모두와 함께,SID_みんなと一緒に
모두와 함께! 승,SID_みんなと一緒に・承
시련 메가퀘이크,SID_試練メガクェイク
신퇴 대지를 뚫다,SID_神槌大地を穿つ
분노 1,SID_怒り1
분노 2,SID_怒り2
분노 3,SID_怒り3
신벌의 지팡이 1,SID_神罰の杖1
신벌의 지팡이 2,SID_神罰の杖2
신벌의 지팡이 3,SID_神罰の杖3
비룡행공 1,SID_飛竜行空1
비룡행공 2,SID_飛竜行空2
비룡행공 3,SID_飛竜行空3
융그비의 선조,SID_ユングヴィの祖
윤느의 속삭임,SID_ユンヌの囁き
