업조브,SID_アブゾーブ
업조브+,SID_アブゾーブ＋
아키메네스 화관,SID_アキメネスの花冠
전신의 전술서,SID_戦神の戦術書
성수의 화신 중장,SID_成獣の化身・重装
성수의 화신 기마,SID_成獣の化身・騎馬
성수의 화신 비행,SID_成獣の化身・飛行
성수의 화신 보행,SID_成獣の化身・歩行
아그네아의 화살,SID_アグネアの矢
공투의 창,SID_共闘の槍
공투의 창+,SID_共闘の槍＋
공투의 검,SID_共闘の剣
공투의 검+,SID_共闘の剣＋
에탈드,SID_エタルド
아마츠,SID_アマツ
아미테,SID_アミーテ
공감의 꽃,SID_共感の花
공감의 꽃+,SID_共感の花＋
고대마도의 희서,SID_古代魔道の稀書
말류 라그넬,SID_末流ラグネル
우라 오연전의 보창,SID_裏の五連闘の宝槍
마기 절사 헬,SID_魔器・絶死ヘル
마기 엘류드니르,SID_魔器エリューズニル
마기 기므레,SID_魔器ギムレー
아단의 고검,SID_アーダンの固剣
비검 듀란달,SID_緋剣デュランダル
사랑의 케이크 서버,SID_愛のケーキサーバ
사랑의 케이크 서버+,SID_愛のケーキサーバ＋
아라드바르,SID_アラドヴァル
알지로레,SID_アルジローレ
은의 보궁,SID_銀の宝弓
알마즈,SID_アルマーズ
개살의 암기,SID_鎧殺の暗器
개살의 암기+,SID_鎧殺の暗器＋
아머킬러,SID_アーマーキラー
아머킬러+,SID_アーマーキラー＋
아머킬러 단,SID_アーマーキラー2
아머킬러 단+,SID_アーマーキラー2＋
해럴드의 웅부,SID_ハロルドの雄斧
꽃핀 심기의 검,SID_花開く心技の剣
암기죽이기 활,SID_暗器殺しの弓
암기죽이기 활+,SID_暗器殺しの弓＋
어설트,SID_アサルト
유성,SID_流星剣
성룡의 브레스,SID_星竜のブレス
아사메이의 단도,SID_アサメイの短剣
아틀라스,SID_アトラース
아틀라스+,SID_アトラース＋
아우두무라,SID_氷剣アウドムラ
오라,SID_オーラ
아리얼,SID_アーリアル
극광의 브레스,SID_極光のブレス
기부 로픈헤이즈,SID_機斧ロヴンヘイズ
인버스의 암흑,SID_インバースの暗闇
절망의 사부,SID_絶望の邪斧
바아톨의 호부,SID_バアトルの豪斧
아이무르,SID_アイムール
순섬 아이라의 검,SID_瞬閃アイラの剣
창궁의 세창,SID_蒼穹の細槍
발뭉,SID_バルムンク
반시Θ,SID_バンシーΘ
암살수리검,SID_暗殺手裏剣
암살수리검+,SID_暗殺手裏剣＋
배리어의 도끼,SID_バリアの斧
배리어의 도끼+,SID_バリアの斧＋
배리어의 검,SID_バリアの剣
배리어의 검+,SID_バリアの剣＋
배리어의 창,SID_バリアの槍
배리어의 창+,SID_バリアの槍＋
바실리코스,SID_バシリコス
비치 플래그,SID_ビーチフラッグ
비치 플래그+,SID_ビーチフラッグ＋
봄의 요궁,SID_春の妖弓
봄의 요궁+,SID_春の妖弓＋
성령의 검,SID_聖鈴の剣
성령의 검+,SID_聖鈴の剣＋
보검 소피아,SID_宝剣ソフィア
공허한 창,SID_虚ろな槍
베르크트의 창,SID_ベルクトの槍
베르크트의 창+,SID_ベルクトの槍＋
광부 알마즈,SID_狂斧アルマーズ
베르카의 살부,SID_ベルカの殺斧
대어의 활,SID_大漁の弓
대어의 활+,SID_大漁の弓＋
봉인의 검,SID_封印の剣
반창 레긴레이브,SID_絆槍レギンレイヴ
흑야의 브레스,SID_黒夜のブレス
흑야의 브레스+,SID_黒夜のブレス＋
두터운 정의 강검,SID_厚情の剛剣
자하나 왕의 사인,SID_ジャハナ王の砂刃
루네스의 예검,SID_ルネスの礼剣
그림자 영웅의 검,SID_影の英雄の剣
블라블레이드,SID_スレッダブラー
블라블레이드+,SID_スレッダブラー＋
푸른 꽃바구니,SID_青の花かご
푸른 꽃바구니+,SID_青の花かご＋
블라폭스,SID_ブラーフォックス
블라폭스+,SID_ブラーフォックス＋
블라라이온,SID_ブラーライオン
블라라이온+,SID_ブラーライオン＋
블라아울,SID_ブラーアウル
블라아울+,SID_ブラーアウル＋
블라래빗,SID_ブラーラビット
블라래빗+,SID_ブラーラビット＋
블라레이븐,SID_ナートブラー
블라레이븐+,SID_ナートブラー＋
블라서펜트,SID_ブラーサーペント
블라서펜트+,SID_ブラーサーペント＋
블라울프,SID_ウルファブラー
블라울프+,SID_ウルファブラー＋
열검 듀란달,SID_烈剣デュランダル
홍염의 부자의 성부,SID_紅炎の親子の聖斧
성스러운 부케,SID_聖なるブーケ
성스러운 부케+,SID_聖なるブーケ＋
블리자드,SID_ブリザード
마왕의 혈서,SID_魔王の血書
파란 까마귀의 서,SID_蒼鴉の書
푸른 알,SID_青の卵
푸른 알+,SID_青の卵＋
푸른 선물상자,SID_青のプレゼント箱
푸른 선물상자+,SID_青のプレゼント箱＋
볼가논,SID_ボルガノン
볼가논+,SID_ボルガノン＋
요정자매의 인연,SID_妖精姉妹の絆
뼈 암기,SID_骨の暗器
뼈 암기+,SID_骨の暗器＋
몽환의 서,SID_夢幻の書
금란의 서,SID_金蘭の書
포영의 서,SID_泡影の書
과즙의 보틀,SID_果汁のボトル
과즙의 보틀+,SID_果汁のボトル＋
축복의 꽃의 활,SID_祝福の花の弓
축복의 꽃의 활+,SID_祝福の花の弓＋
가려의 활,SID_佳麗の弓
맹애의 활,SID_盲愛の弓
프렐리아의 보궁,SID_フレリアの玉弓
쌍성전사의 성궁,SID_双聖戦士の聖弓
벨던의 황궁,SID_ヴェルダンの荒弓
용자의 도끼,SID_勇者の斧
용자의 도끼+,SID_勇者の斧＋
용자의 활,SID_勇者の弓
용자의 활+,SID_勇者の弓＋
용자의 창,SID_勇者の槍
용자의 창+,SID_勇者の槍＋
용자의 검,SID_勇者の剣
용자의 검+,SID_勇者の剣＋
굳센 전묘의 조아,SID_剛なる戦猫の爪牙
파멸의 검의 전창,SID_壊刃の戦槍
암야룡의 브레스,SID_暗夜竜のブレス
불꽃축제의 브레스,SID_炎祭のブレス
안개의 브레스,SID_霧のブレス
신부의 카틀레야,SID_花嫁のカトレア
신부의 카틀레야+,SID_花嫁のカトレア＋
신부의 해바라기,SID_花嫁の向日葵
신부의 해바라기+,SID_花嫁の向日葵＋
늑대신부의 어금니,SID_狼花嫁の牙
귀여운 색으로 물든 장식의 알,SID_可憐に色づく飾り卵
여름밤의 악몽의 뿔,SID_夏夜の悪夢の角
하얀 피의 나기나타,SID_白き血の薙刀
나뭇잎 부채,SID_葉の扇
나뭇잎 부채+,SID_葉の扇＋
수란의 브레스,SID_獣乱のブレス
브륜힐데,SID_ブリュンヒルデ
애정의 꽃의 활,SID_愛情の花の弓
애정의 꽃의 활+,SID_愛情の花の弓＋
맹우의 검,SID_猛牛の剣
젊은 맹우의 창,SID_若き猛牛の槍
백토신의 당근,SID_ウカノミタマ
타그엘 아이의 조아,SID_タグエルの子の爪牙
부표,SID_海に浮かぶ板
부표+,SID_海に浮かぶ板＋
뷜레이스트,SID_ビューレイスト
카두케우스의 지팡이,SID_カドゥケウスの杖
케이크 나이프,SID_ケーキナイフ
케이크 나이프+,SID_ケーキナイフ＋
기살의 암기,SID_騎殺の暗器
기살의 암기+,SID_騎殺の暗器＋
카밀라의 염부,SID_カミラの艶斧
촛대,SID_燭台
촛대+,SID_燭台＋
사탕과자 암기,SID_砂糖菓子の暗器
캔들 서비스,SID_キャンドルサービス
캔들+,SID_キャンドル＋
양초 활,SID_ロウソクの弓
양초 활+,SID_ロウソクの弓＋
캔디 케인,SID_キャンディケイン
캔디 케인+,SID_キャンディケイン＋
깊은 우아함의 성기,SID_深き優しさの聖器
수라 아마츠,SID_修羅アマツ
봄꽃 활,SID_春花の弓
봄꽃 활+,SID_春花の弓＋
봄꽃 창,SID_春花の槍
봄꽃 창+,SID_春花の槍＋
당근 도끼,SID_ニンジンの斧
당근 도끼+,SID_ニンジンの斧＋
당근풍 장식,SID_人参風の装飾
당근풍 장식+,SID_人参風の装飾＋
당근 창,SID_ニンジンの槍
당근 창+,SID_ニンジンの槍＋
카사블랑카,SID_カサブランカ
카사블랑카+,SID_カサブランカ＋
부의 힘,SID_負の力
혼돈 라그넬,SID_混沌ラグネル
돌격의 뿔피리,SID_突撃の角笛
세르쥬의 공부,SID_セルジュの恐斧
여름얼음의 브레스,SID_夏氷のブレス
클라이네의 활,SID_クライネの弓
클라이네의 활+,SID_クライネの弓＋
녹운의 춤부채,SID_緑雲の舞扇
녹운의 춤부채+,SID_緑雲の舞扇＋
야자나무 활,SID_ヤシの実の弓
야자나무 활+,SID_ヤシの実の弓＋
이방의 비검,SID_異邦の秘剣
소라고둥 부케,SID_ほら貝のブーケ
소라고둥 부케+,SID_ほら貝のブーケ＋
마월의 제기,SID_魔月の祭器
영신의 암기,SID_影身の暗器
산호 활,SID_サンゴの弓
산호 활+,SID_サンゴの弓＋
산호 검,SID_珊瑚の剣
산호 검+,SID_珊瑚の剣＋
티아모의 애창,SID_ティアモの愛槍
까마귀의 서,SID_黒鴉の書
고귀한 활,SID_高貴な弓
고귀한 활+,SID_高貴な弓＋
고귀한 촛대,SID_高貴な燭台
고귀한 촛대+,SID_高貴な燭台＋
고귀한 부채,SID_高貴な扇
고귀한 부채+,SID_高貴な扇＋
고귀한 가면,SID_高貴な仮面
고귀한 가면+,SID_高貴な仮面＋
유려한 전묘의 조아,SID_柔なる戦猫の爪牙
천제의 검,SID_天帝の剣
홍희의 도끼,SID_紅姫の斧
주홍색 용병의 쌍검,SID_朱傭兵の双剣
주홍색 용병의 전부,SID_朱傭兵の戦斧
흉조의 해적의 취조,SID_凶兆の海賊の嘴爪
분쇄하는 자,SID_打ち砕くもの
모략의 전궁,SID_謀略の戦弓
큐피드의 화살,SID_キューピッドの矢
큐피드의 화살+,SID_キューピッドの矢＋
마성의 창,SID_魔性の槍
심벨린,SID_シムベリン
디아멜의 보궁,SID_ディアメル家の宝弓
무도제의 접부채,SID_扇子
무도제의 접부채+,SID_扇子＋
무도제의 고리,SID_舞踏の輪
무도제의 고리+,SID_舞踏の輪＋
무도제의 악보,SID_楽譜
무도제의 악보+,SID_楽譜＋
울려 퍼지는 합창의 제기,SID_響き渡る合唱の祭器
다니엘의 연궁,SID_ダニエルの錬弓
공명 오라,SID_オーラ外伝
암흑의 브레스,SID_闇のブレス
암흑의 브레스+,SID_闇のブレス＋
천제의 암흑검,SID_天帝の闇剣
공명 엑스칼리버,SID_エクスカリバー外伝
검은 피의 대검,SID_黒き血の大剣
마검 미스톨틴,SID_魔剣ミストルティン
흑황자의 창,SID_黒皇子の槍
암흑의 성서,SID_暗黒の聖書
다크스파이크T,SID_ダークスパイクΤ
의용의 창,SID_義勇の槍
새벽하늘의 제사방울,SID_暁天の神楽鈴
새벽녘의 창,SID_払暁の槍
광휘의 브레스,SID_光輝のブレス
데스,SID_デス
사신의 암기,SID_死神の暗器
덱 브러시,SID_デッキブラシ
덱 브러시+,SID_デッキブラシ＋
절해의 창궁,SID_絶海の蒼弓
수비역용의 창,SID_守備逆用の槍
수비역용의 창+,SID_守備逆用の槍＋
생선을 꿴 작살,SID_魚を突いた銛
생선을 꿴 작살+,SID_魚を突いた銛＋
마룡의 브레스,SID_魔竜のブレス
마수의 서,SID_魔獣の書
운명을 바꾸는 인연궁,SID_運命変える絆弓
데빌액스,SID_デビルアクス
박쥐의 활,SID_コウモリの弓
박쥐의 활+,SID_コウモリの弓＋
싹트는 마음의 용석,SID_芽生えし心の竜石
귀족적인 활,SID_貴族的な弓
군사의 간언의 지팡이,SID_軍師の諫言の杖
다임선더,SID_ダイムサンダ
신룡왕의 브레스,SID_神竜王のブレス
신안개의 브레스,SID_神霧のブレス
성서 나가,SID_聖書ナーガ
어신의 혜창,SID_漁神の恵槍
성검 틸핑,SID_聖剣ティルフィング
전신과 희신의 변덕,SID_雷神と戯神の気紛れ
파도치는 돌고래의 도끼,SID_波舞うイルカの斧
자모의 영장,SID_慈母の霊杖
발프레체,SID_バルフレチェ
용검 팔시온,SID_竜剣ファルシオン
용병단의 전부,SID_傭兵団の戦斧
물보라,SID_水の飛沫
마룡봉인의 검,SID_魔竜封印の剣
용혈을 잇는 신부의 꽃,SID_竜血継ぐ花嫁の花
용살의 암기,SID_竜殺の暗器
용살의 암기+,SID_竜殺の暗器＋
붉은 용기사의 도끼,SID_赤い竜騎士の斧
하얀 꿈의 조각,SID_白き夢のかけら
성제의 풍광,SID_聖祭の風光
성제의 풍광+,SID_聖祭の風光＋
사막의 검희의 창,SID_砂漠の剣姫の槍
듀란달,SID_デュランダル
암야의 용석,SID_暗夜の竜石
어스름의 부채,SID_宵闇の団扇
어스름의 부채+,SID_宵闇の団扇＋
베드르의 요란,SID_ヴェズルの妖卵
지창 게이볼그,SID_地槍ゲイボルグ
칠흑빛 해적의 취조,SID_射干玉の海賊の嘴爪
흑부 볼베르크,SID_黒斧ベルヴェルク
에케작스,SID_エッケザックス
기야의 복음,SID_奇夜の福音
엘피의 대창,SID_エルフィの大槍
엘드흐림니르,SID_エルドフリムニル
에르나의 지팡이,SID_エルナの杖
엘파이어,SID_エルファイアー
엘리제의 유장,SID_エリーゼの幼杖
엘리바가르,SID_エリヴァーガル
엘라이트,SID_エルライト
엘락,SID_エルロック
엘선더,SID_エルサンダー
엘윈드,SID_エルウインド
심록의 도끼,SID_深緑の斧
심록의 도끼+,SID_深緑の斧＋
절암 엠블라,SID_絶闇エンブラ
막연의 브레스,SID_茫漠のブレス
유구의 브레스,SID_悠久のブレス
유구의 서,SID_悠久の書
이공의 브레스,SID_異空のブレス
영생의 브레스,SID_永生のブレス
신검 팔시온,SID_神剣ファルシオン
엑스칼리버,SID_エクスカリバー
낙원의 과즙,SID_楽園の果汁
사룡의 브레스,SID_邪竜のブレス
페일노트,SID_フェイルノート
난폭한 여자력의 도끼,SID_荒ぶる女子力の斧
축제의 도끼,SID_祝祭の斧
축제의 도끼+,SID_祝祭の斧＋
신무의 브레스,SID_神舞のブレス
팔시온(각성),SID_ファルシオン覚醒
팔시온(외전),SID_ファルシオン外伝
팔시온(문장의 비밀),SID_ファルシオン
광아 바실리코스,SID_狂牙バシリコス
닫는 자의 조아,SID_閉ざす者の爪牙
아버지의 전술서,SID_父の戦術書
피어,SID_フィアー
피어+,SID_フィアー＋
페더 소드,SID_フェザーソード
펠리시아의 얼음접시,SID_フェリシアの氷皿
사신의 브레스,SID_邪神のブレス
어스름한 사룡의 촛대,SID_仄暗き邪痕の燭台
어스름한 사룡의 송명,SID_仄暗き邪竜の松明
노스페라투,SID_ノスフェラート
노스페라투+,SID_ノスフェラート＋
펜살리르,SID_フェンサリル
업창 지크문트,SID_業槍ジークムント
현악기 활,SID_弦楽器の弓
현악기 활+,SID_弦楽器の弓＋
조학 볼가논,SID_嘲謔ボルガノン
염호의 조아,SID_炎虎の爪牙
핌불,SID_フィンブル
파이어,SID_ファイアー
불의 브레스,SID_火のブレス
화염의 브레스,SID_火炎のブレス
불꽃과 바람이 춤추는 영창,SID_炎と風舞う霊槍
소방수의 암인,SID_火消しの暗刃
불쓸이 도끼,SID_火薙ぎの斧
불쓸이 도끼+,SID_火薙ぎの斧＋
불쓸이 활,SID_火薙ぎの弓
불쓸이 활+,SID_火薙ぎの弓＋
불쓸이 창+,SID_火薙ぎの槍＋
불쓸이 창,SID_火薙ぎの槍
불쓸이 검,SID_火薙ぎの剣
불쓸이 검+,SID_火薙ぎの剣＋
달콤한 첫 꿈의 활,SID_甘い初夢の弓
퍼스트 바이트,SID_ファーストバイト
퍼스트 바이트+,SID_ファーストバイト＋
물고기의 활,SID_魚の弓
물고기의 활+,SID_魚の弓＋
염과 빙의 왕녀의 휘궁,SID_炎と氷の王女の輝弓
불꽃의 군배,SID_炎の軍配
불꽃의 군배+,SID_炎の軍配＋
플레임 랜스,SID_フレイムランス
절염의 브레스,SID_絶炎のブレス
절염 무스펠,SID_絶炎ムスペル
염창 지크문트,SID_炎槍ジークムント
작열의 브레스,SID_灼熱のブレス
작열의 브레스+,SID_灼熱のブレス＋
플래시,SID_フラッシュ
플래시+,SID_フラッシュ＋
비섬의 당근 창,SID_緋閃のニンジン槍
비섬의 당근 창+,SID_緋閃のニンジン槍＋
젊은 짐승의 화신 비행,SID_若獣の化身・飛行
식물도감,SID_植物図鑑
식물도감+,SID_植物図鑑＋
장미 스틱,SID_薔薇のステッキ
장미 스틱+,SID_薔薇のステッキ＋
장미 나이프,SID_薔薇のナイフ
장미 나이프+,SID_薔薇のナイフ＋
플로리나의 맹세의 창,SID_フロリーナの誓槍
홍화 오트클레르,SID_紅花オートクレール
스미아의 꽃창,SID_スミアの花槍
선잠자는 꽃의 검,SID_微睡の花の剣
행복의 꽃,SID_幸福の花
풍윤의 꽃,SID_豊潤の花
불행의 꽃,SID_不幸の花
염화인법서,SID_艶花忍法帳
풍향계 창,SID_風見鶏の槍
풍향계 창+,SID_風見鶏の槍＋
미르,SID_ミィル
폴크방,SID_フォルクヴァング
폴블레이즈,SID_フォルブレイズ
폴세티,SID_フォルセティ
금전운의 활,SID_金運の弓
금전운의 활+,SID_金運の弓＋
요호낭의 조아,SID_妖狐娘の爪牙
프레데릭의 견부,SID_フレデリクの堅斧
프라이쿠겔,SID_フライクーゲル
청아한 부케,SID_清らかなブーケ
청아한 부케+,SID_清らかなブーケ＋
절빙의 브레스,SID_絶氷のブレス
빙정의 브레스,SID_氷晶のブレス
창홍의 브레스,SID_蒼紅のブレス
한여름의 시원한 아이스크림,SID_真夏の涼の氷菓子
이둔의 과실,SID_イズンの果実
풍신궁,SID_風神弓
겁화 프라이쿠겔,SID_却火フライクーゲル
게이볼그,SID_ゲイボルグ
가름,SID_ガルム
파도를 막는 닻 도끼,SID_波閉ざす錨の斧
게이르드리풀,SID_ゲイルドリヴル
게이르스쾨굴,SID_ゲイルスケグル
영춘의 검,SID_迎春の剣
영춘의 검+,SID_迎春の剣＋
시조 팔시온,SID_始祖ファルシオン
가베라 도끼,SID_ガーベラの斧
적과 청의 기이한 귀화,SID_赤と青の奇なる鬼火
빅 스푼,SID_ビッグスプーン
빅 스푼+,SID_ビッグスプーン＋
기가스칼리버,SID_ギガスカリバー
황금 포크,SID_黄金のフォーク
황금 포크+,SID_黄金のフォーク＋
황금 고블릿,SID_黄金のゴブレット
긴눈가가프,SID_ギンヌンガガプ
걀라르브루,SID_ギャッラルブルー
굘,SID_ギョッル
검투사의 강검,SID_剣闘士の剛剣
글레이프니르,SID_グレイプニル
글리트니르,SID_グリトニル
기라성의 브레스,SID_綺羅星のブレス
기라성의 브레스+,SID_綺羅星のブレス＋
명휘의 브레스,SID_冥輝のブレス
여신의 도끼,SID_女神の斧
용신의 브레스,SID_竜神のブレス
황금의 단검,SID_黄金の短剣
츠바키의 금나기나타,SID_ツバキの金薙刀
겨울축제의 부츠,SID_冬祭のブーツ
겨울축제의 부츠+,SID_冬祭のブーツ＋
그라디우스,SID_グラディウス
그라드의 전부,SID_グラドの戦斧
그라프칼리버,SID_グラフカリバー
효자손,SID_孫の手
효자손+,SID_孫の手＋
그라티아,SID_グラーティア
그라티아+,SID_グラーティア＋
그래비티,SID_グラビティ
그래비티+,SID_グラビティ＋
신염의 브레스,SID_神炎のブレス
녹색 알,SID_緑の卵
녹색 알+,SID_緑の卵＋
녹색 선물상자,SID_緑のプレゼント箱
녹색 선물상자+,SID_緑のプレゼント箱＋
마서 기므레,SID_魔書ギムレー
마총 브로크,SID_魔銃ブロック
그리모어,SID_グリモワール
그룬블레이드,SID_スレッダグラン
그룬블레이드+,SID_スレッダグラン＋
녹색 꽃바구니,SID_緑の花かご
녹색 꽃바구니+,SID_緑の花かご＋
그룬폭스,SID_グルンフォックス
그룬폭스+,SID_グルンフォックス＋
그룬아울,SID_グルンアウル
그룬아울+,SID_グルンアウル＋
그룬래빗,SID_グルンラビット
그룬래빗+,SID_グルンラビット＋
그룬레이븐,SID_ナートグラン
그룬레이븐+,SID_ナートグラン＋
그룬서펜트,SID_グルンサーペント
그룬서펜트+,SID_グルンサーペント＋
그룬벌쳐,SID_グルンバルチャー
그룬벌쳐+,SID_グルンバルチャー＋
그룬울프,SID_ウルファグラン
그룬울프+,SID_ウルファグラン＋
백로신랑의 날개,SID_白鷺花婿の翼
캔슬의 도끼,SID_キャンセルの斧
캔슬의 도끼+,SID_キャンセルの斧＋
원거리방어의 활,SID_遠距離防御の弓
원거리방어의 활+,SID_遠距離防御の弓＋
수호자의 거부,SID_守護者の巨斧
수호자의 열궁,SID_守護者の烈弓
신년의 전묘의 조아,SID_新年の戦猫の爪牙
캔슬의 창,SID_キャンセルの槍
캔슬의 창+,SID_キャンセルの槍＋
캔슬의 검,SID_キャンセルの剣
캔슬의 검+,SID_キャンセルの剣＋
굴린캄비의 성란,SID_グリンカムビの聖卵
굴그란트,SID_グルグラント
호박도끼,SID_カボチャの斧
호박도끼+,SID_カボチャの斧＋
하데스Ω,SID_ハデスΩ
하고이타,SID_羽子板
하고이타+,SID_羽子板＋
성재 틸핑,SID_神璽ティルフィング
파마의 화살,SID_破魔矢
파마의 화살+,SID_破魔矢＋
해머,SID_ハンマー
해머+,SID_ハンマー＋
카자하나의 여도,SID_カザハナの麗刀
핸드벨,SID_ハンドベル
핸드벨+,SID_ハンドベル＋
왜창,SID_倭鉾
왜창+,SID_倭鉾＋
어린 짐승의 화신 비행,SID_幼獣の化身・飛行
오트클레르,SID_オートクレール
매왕의 취조,SID_鷹王の嘴爪
사부 글리트니르,SID_死斧グリトニル
축제의 검,SID_祝祭の剣
축제의 검+,SID_祝祭の剣＋
갑옷을 좋아하는 견창,SID_鎧好きの堅槍
관통의 창,SID_貫きの槍
관통의 창+,SID_貫きの槍＋
죽음의 낫 헬,SID_死鎌ヘル
타륜 활,SID_舵の弓
타륜 활+,SID_舵の弓＋
조타의 도끼,SID_操舵の斧
조타의 도끼+,SID_操舵の斧＋
산의 은자의 서,SID_山の隠者の書
백로의 날개,SID_白鷺の翼
도니의 박창,SID_ドニの朴槍
히비스커스의 책,SID_ハイビスカスの本
히비스커스의 책+,SID_ハイビスカスの本＋
꽃 머리장식,SID_花の髪飾り
꽃 머리장식+,SID_花の髪飾り＋
빙신도,SID_氷神刀
히나타의 맹도,SID_ヒナタの猛刀
히노카의 붉은 나기나타,SID_ヒノカの紅薙刀
흘리드스캴프,SID_フリズスキャルヴ
얼음안개의 나이프,SID_霧氷のナイフ
성창 그라디우스,SID_聖槍グラディウス
성일 틸핑,SID_聖日ティルフィング
성궁 이치이발,SID_聖血イチイバル
의협의 전인,SID_義侠の戦刃
여는 자의 뿔,SID_開く者の角
수완의 예창,SID_凄腕の鋭槍
흐림팍시,SID_フリムファクシ
흐리스트,SID_フリスト
거대한 부채,SID_大きな扇子
거대한 부채+,SID_大きな扇子＋
후긴의 마란,SID_フギンの魔卵
수렵의 날카로운 칼날,SID_狩猟の鋭刃
질풍의 암기,SID_疾風の暗器
휘트르벌쳐,SID_ヒータバルチャー
휘트르벌쳐+,SID_ヒータバルチャー＋
맥베스의 혹서,SID_マクベスの惑書
빙창 핌불,SID_氷槍フィンブル
빙창 마르테,SID_氷槍マルテ
이핑그르,SID_イーヴィングル
절광의 뿔,SID_絶光の角
신이 깃든 팽이,SID_神宿りの独楽
마후,SID_マフー
의분의 강궁,SID_義憤の強弓
안으로부터 넘쳐흐르는 마력,SID_内より溢れる魔力
금석의 서,SID_金石の書
순격의 도끼,SID_瞬撃の斧
순격의 도끼+,SID_瞬撃の斧＋
순격의 활,SID_瞬撃の弓
순격의 활+,SID_瞬撃の弓＋
순격의 창,SID_瞬撃の槍
순격의 창+,SID_瞬撃の槍＋
순격의 검,SID_瞬撃の剣
순격의 검+,SID_瞬撃の剣＋
노기사의 고부,SID_老騎士の古斧
미승의 전부,SID_美僧の戦斧
아이리스의 서,SID_アイリスの書
철의 도끼,SID_鉄の斧
철의 활,SID_鉄の弓
철의 암기,SID_鉄の暗器
철의 창,SID_鉄の槍
철의 검,SID_鉄の剣
포렴,SID_のれん
포렴+,SID_のれん＋
이발디,SID_イーヴァルディ
조커의 식기,SID_ジョーカーの食器
변신 카드,SID_変身のカード
경박한 자의 벽창,SID_お調子者の碧槍
거인자매의 활,SID_巨人姉妹の弓
행복의 서약,SID_幸せの誓約
랜턴 지팡이,SID_ランタンの杖
랜턴 지팡이+,SID_ランタンの杖＋
환호의 검,SID_雀躍の剣
남국의 주스,SID_南国のジュース
남국의 주스+,SID_南国のジュース＋
적시,SID_鏑矢
적시+,SID_鏑矢＋
소나무 장식,SID_門松
소나무 장식+,SID_門松＋
카가미모찌,SID_鏡餅
카가미모찌+,SID_鏡餅＋
카게로의 현혹침,SID_カゲロウの眩惑針
스즈카제의 질풍침,SID_スズカゼの疾風針
블라울프 단,SID_ブラーウルフ2
블라울프 단+,SID_ブラーウルフ2＋
사나운 늑대의 활,SID_猛き狼の弓
그룬울프 단,SID_グルンウルフ2
그룬울프 단+,SID_グルンウルフ2＋
라우어울프 단,SID_ラウアウルフ2
라우어울프 단+,SID_ラウアウルフ2＋
키아 지팡이,SID_キアの杖
킬러 액스,SID_キラーアクス
킬러 액스+,SID_キラーアクス＋
킬러 보우,SID_キラーボウ
킬러 보우+,SID_キラーボウ＋
킬러 랜스,SID_キラーランス
킬러 랜스+,SID_キラーランス＋
킬소드,SID_キルソード
킬소드+,SID_キルソード＋
원초의 불꽃의 북,SID_原初の炎の太鼓
요호왕의 조아,SID_妖狐王の爪牙
고양이 암기,SID_猫の暗器
고양이 암기+,SID_猫の暗器＋
여기사의 창,SID_姫騎士の槍
쾨름트,SID_ケルムト
크림힐드,SID_クリムヒルド
갈퀴,SID_熊手
갈퀴+,SID_熊手＋
레이디 소드,SID_レディソード
레바테인,SID_レーヴァテイン
그레이의 표검,SID_グレイの飄剣
프렐리아의 보창,SID_フレリアの宝槍
정의의 직창,SID_正義の直槍
대지의 검,SID_大地の剣
제등의 용석,SID_提灯の竜石
제등의 용석+,SID_提灯の竜石＋
라크체의 유검,SID_ラクチェの流剣
전신의 대부,SID_戦神の大斧
라즈왈드의 무검,SID_ラズワルドの舞剣
로로의 도끼,SID_ローローの斧
로로의 도끼+,SID_ローローの斧＋
레이프트,SID_レイプト
헤비 캐럿,SID_ベビーキャロット
헤비 캐럿+,SID_ベビーキャロット＋
선더 대거,SID_サンダーダガー
라이트,SID_ライト
빛의 검,SID_光の剣
빛의 브레스,SID_光のブレス
빛의 브레스+,SID_光のブレス＋
번개의 브레스,SID_雷のブレス
번개의 브레스+,SID_雷のブレス＋
새벽의 빛,SID_暁の光
자취의 브레스,SID_紫翠のブレス
릴리스 튜브,SID_リリスの浮き輪
릴리스 튜브+,SID_リリスの浮き輪＋
여걸의 대검,SID_女傑の大剣
사자왕의 조아,SID_獅子王の爪牙
플라워 스탠드,SID_フラワースタンド
플라워 스탠드+,SID_フラワースタンド＋
고상한 도적의 예고장,SID_気高き怪盗の予告状
로프트우스,SID_ロプトウス
화주의 창,SID_華冑の槍
애정의 부케,SID_愛情のブーケ
애정의 부케+,SID_愛情のブーケ＋
결혼식의 촛대,SID_結婚式の燭台
결혼식의 촛대+,SID_結婚式の燭台＋
용병단의 장창,SID_傭兵団の長槍
호국의 견부,SID_護国の堅斧
충성의 창,SID_忠誠の槍
화환,SID_花輪
화환+,SID_花輪＋
룬,SID_ルーン
성제의 광염,SID_聖祭の光炎
성제의 광염+,SID_聖祭の光炎＋
월광,SID_月光弓
행락의 장식창,SID_行楽の飾り槍
행락의 장식창+,SID_行楽の飾り槍＋
리피아,SID_リフィア
륑헤이즈,SID_リュングヘイズ
플라스크,SID_フラスコ
플라스크+,SID_フラスコ＋
두 날개의 마토끼의 요람,SID_二羽の魔兎の揺籃
마르테,SID_マルテ
마리타의 검,SID_マリータの剣
철가면의 도끼,SID_鉄面の斧
마스터 보우,SID_マスターボウ
마스터 소드,SID_マスターソード
멜랑콜리,SID_メランコリー
멜랑콜리+,SID_メランコリー＋
부케 스틱,SID_ブーケのステッキ
부케 스틱+,SID_ブーケのステッキ＋
수박깨기 곤봉,SID_スイカ割りの棍棒
수박깨기 곤봉+,SID_スイカ割りの棍棒＋
멜론 플로트,SID_メロンフロート
멜론 플로트+,SID_メロンフロート＋
메리클,SID_メリクル
바다를 헤엄치는 인어의 활,SID_海泳ぐ人魚の弓
대지모신의 성서,SID_大地母神の聖書
겨울축제의 스틱,SID_冬祭のステッキ
겨울축제의 스틱+,SID_冬祭のステッキ＋
환영 배틀액스,SID_幻影バトルアクス
환영 팔시온,SID_幻影ファルシオン
환영 페더,SID_幻影フェザー
환영 롱보우,SID_幻影ロングボウ
환영 로드,SID_幻影ロッド
미스텔틴,SID_ミステルトィン
미스텔틴,SID_魔書ミステルトィン
토르해머,SID_トールハンマー
뫼그스라실,SID_メグスラシル
괴물의 활,SID_骨の弓
괴물의 활+,SID_骨の弓＋
창월 그라디우스,SID_蒼月グラディウス
새벽어둠의 브레스,SID_暁闇のブレス
순백의 달의 물방울,SID_純白の月の雫
월야의 마녀의 용석,SID_月夜の魔女の竜石
황혼의 브레스,SID_誰彼のブレス
피조 핌불,SID_被造フィンブル
뮬그레,SID_ミュルグレ
무닌의 마란,SID_ムニンの魔卵
무스펠의 불꽃,SID_ムスペルの炎花
미스톨틴,SID_ミストルティン
쿠노이치의 비도,SID_くノ一の飛刀
나가,SID_ナーガ
나글파르,SID_ナグルファル
무명일문의 검,SID_無銘の一門の剣
친우의 바람이 흩날리는 익궁,SID_友の風舞う翼弓
내일의 빛,SID_明日の光
신년의 요호낭의 조아,SID_新年の妖狐娘の爪牙
니드호그,SID_蛇弓ニーズヘッグ
니다벨리르의 상자,SID_ニザヴェリルの箱
니다벨리르의 꽃,SID_ニザヴェリルの花
절빙 니플,SID_絶氷ニフル
니플의 빙화,SID_ニフルの氷花
악몽의 여왕의 뿔,SID_悪夢の女王の角
제로의 학궁,SID_ゼロの虐弓
빙정 니니스의 창,SID_氷精ニニスの槍
닌자의 도,SID_忍の刀
닌자의 도+,SID_忍の刀＋
닌자의 도끼,SID_忍の斧
닌자의 도끼+,SID_忍の斧＋
닌자의 월도,SID_忍の薙刀
닌자의 월도+,SID_忍の薙刀＋
닌자의 창,SID_忍の槍
닌자의 창+,SID_忍の槍＋
닌자의 화궁,SID_忍の和弓
닌자의 화궁+,SID_忍の和弓＋
쌍풍인법서,SID_双風忍法帳
니우,SID_ニーウ
노아툰,SID_ノーアトゥーン
고결의 전창,SID_高潔の戦槍
대지모신의 브레스,SID_大地母神のブレス
오보로의 칠흑색 나기나타,SID_オボロの漆薙刀
입회인의 지팡이,SID_立会人の杖
입회인의 지팡이+,SID_立会人の杖＋
집념의 저주,SID_執念の呪
흑요의 창,SID_黒曜の槍
오딘의 흑서,SID_オーディンの黒書
신탁의 브레스,SID_神託のブレス
정의 심판,SID_正の裁き
두루주머니,SID_巾着袋
두루주머니+,SID_巾着袋＋
알 지팡이,SID_卵の杖
알 지팡이+,SID_卵の杖＋
약속의 꽃,SID_約束の花
약속의 꽃+,SID_約束の花＋
페인,SID_ペイン
페인+,SID_ペイン＋
측명의 브레스,SID_仄明のブレス
측명의 브레스+,SID_仄明のブレス＋
야자나무 지팡이,SID_ヤシの木の杖
야자나무 지팡이+,SID_ヤシの木の杖＋
패닉,SID_パニック
패닉+,SID_パニック＋
흑표의 창,SID_黒豹の槍
젊은 흑표의 검,SID_若き黒豹の剣
파르티아,SID_パルティア
천진난만한 흰토끼의 도끼,SID_無邪気な白兎の斧
프로즌 파르페,SID_フローズンパフェ
프로즌 파르페+,SID_フローズンパフェ＋
천마의 당근,SID_天馬のニンジン
천마의 당근+,SID_天馬のニンジン＋
피에리의 소창,SID_ピエリの小槍
피해망상의 활,SID_被害妄想の弓
페슈카츠,SID_ペシュカド
양산,SID_日傘
양산+,SID_日傘＋
스톤,SID_ストーン
환영의 서,SID_幻影の書
감사의 꽃 창,SID_感謝の花の槍
감사의 꽃 창+,SID_感謝の花の槍＋
신부의 호도,SID_花嫁の護刀
신부의 호도+,SID_花嫁の護刀＋
페레지아의 도끼,SID_ペレジアの斧
페레지아의 도끼+,SID_ペレジアの斧＋
페레지아의 활,SID_ペレジアの弓
페레지아의 활+,SID_ペレジアの弓＋
페레지아의 촛대,SID_ペレジアの燭台
페레지아의 촛대+,SID_ペレジアの燭台＋
비독의 암기,SID_秘毒の暗器
비독의 암기+,SID_秘毒の暗器＋
폴액스,SID_ポールアクス
폴액스+,SID_ポールアクス＋
하정의 은호의 조아,SID_賀正の銀虎の爪牙
청냉의 법구,SID_清冷の法具
신조룡의 브레스,SID_神祖竜のブレス
기사군장의 보창,SID_騎士軍将の宝槍
스승의 전수의 서,SID_師の授けの書
스승의 인도의 서,SID_師の導きの書
깜짝상자,SID_びっくり箱
깜짝상자+,SID_びっくり箱＋
통매의 지팡이,SID_痛罵の杖
천진의 브레스,SID_天真のブレス
오의발동의 암기,SID_奥義発動の暗器
오의발동의 암기+,SID_奥義発動の暗器＋
입궁 뮬그레,SID_颯弓ミュルグレ
라이나로크,SID_ライナロック
라그넬,SID_ラグネル
라그넬&에탈드,SID_ラグネル＆エタルド
뇌신도,SID_雷神刀
란드그리드,SID_ランドグリーズ
울먹이는 눈의 속사궁,SID_涙目の速射弓
레이피어,SID_レイピア
우정의 꽃 지팡이,SID_友情の花の杖
우정의 꽃 지팡이+,SID_友情の花の杖＋
라우어블레이드,SID_スレッダラウア
라우어블레이드+,SID_スレッダラウア＋
라우어폭스,SID_ラウアフォックス
라우어폭스+,SID_ラウアフォックス＋
라우어라이온,SID_ラウアライオン
라우어라이온+,SID_ラウアライオン＋
라우어아울,SID_ラウアアウル
라우어아울+,SID_ラウアアウル＋
라우어래빗,SID_ラウアラビット
라우어래빗+,SID_ラウアラビット＋
라우어레이븐,SID_ナートラウア
라우어레이븐+,SID_ナートラウア＋
라우어서펜트,SID_ラウアサーペント
라우어서펜트+,SID_ラウアサーペント＋
라우어벌쳐,SID_ラウアバルチャー
라우어벌쳐+,SID_ラウアバルチャー＋
라우어울프,SID_ウルファラウア
라우어울프+,SID_ウルファラウア＋
까마귀 왕의 취조,SID_鴉王の嘴爪
여름밤의 꿈의 뿔,SID_夏夜の夢の角
단절의 브레스,SID_断絶のブレス
수비의 도끼,SID_守りの斧
수비의 도끼+,SID_守りの斧＋
레베카의 엽궁,SID_レベッカの猟弓
빨간 오리,SID_赤いアヒル
빨간 오리+,SID_赤いアヒル＋
카타리나의 서,SID_カタリナの書
하정의 요호왕의 조아,SID_賀正の妖狐王の爪牙
얼음과자 활,SID_氷菓子の弓
얼음과자 활+,SID_氷菓子の弓＋
리갈 블레이드,SID_リガルブレイド
강인한 열녀의 큰 우산,SID_強靭なる女王の大傘
레긴레이브,SID_レギンレイヴ
견제의 도끼,SID_牽制の斧
견제의 도끼+,SID_牽制の斧＋
견제의 활,SID_牽制の弓
견제의 활+,SID_牽制の弓＋
순록의 활,SID_トナカイの弓
순록의 활+,SID_トナカイの弓＋
견제의 창,SID_牽制の槍
견제의 창+,SID_牽制の槍＋
견제의 검,SID_牽制の剣
견제의 검+,SID_牽制の剣＋
유원의 브레스,SID_悠遠のブレス
하정의 인랑낭의 조아,SID_賀正の人狼娘の爪牙
궁기사의 명궁,SID_弓騎士の名弓
반공의 도끼,SID_反攻の斧
반공의 도끼+,SID_反攻の斧＋
반공의 창,SID_反攻の槍
반공의 창+,SID_反攻の槍＋
기예 와유의 검,SID_気鋭ワユの剣
하정의 인랑왕의 조아,SID_賀正の人狼王の爪牙
렉스칼리버,SID_レクスカリバー
렉스칼리버+,SID_レクスカリバー＋
롬파이어,SID_ロムファイア
호스 킬러,SID_ホースキラー
호스 킬러+,SID_ホースキラー＋
린카의 귀금봉,SID_リンカの鬼金棒
혼의 비의,SID_魂の秘儀
도적의 암기,SID_盗賊の暗器
도적의 암기+,SID_盗賊の暗器＋
투명한 유리 활,SID_透き通る玻璃の弓
내일의 성기사의 검,SID_明日の聖騎士の剣
사막의 늑대여왕의 어금니,SID_砂漠の狼女王の牙
왕가의 검,SID_王家の剣
욱일의 검,SID_旭日の剣
욱일의 검+,SID_旭日の剣＋
루인,SID_ルイン
멸망의 상설,SID_滅亡の霜雪
룬액스,SID_ルーンアクス
호랑이 전사의 조아,SID_虎戦士の爪牙
흑기사의 고창,SID_黒騎の孤槍
선물 자루,SID_プレゼント袋
선물 자루+,SID_プレゼント袋＋
수비의 검,SID_守りの剣
수비의 검+,SID_守りの剣＋
애로,SID_アロー
성천 엔젤,SID_天聖エンジェル
사이조의 폭염침,SID_サイゾウの爆炎針
모래사장의 삽,SID_砂浜のスコップ
모래사장의 삽+,SID_砂浜のスコップ＋
샐러드샌드,SID_サラダサンド
샐러드샌드+,SID_サラダサンド＋
산그리드르,SID_サングリズル
창해의 창,SID_蒼海の槍
창해의 창+,SID_蒼海の槍＋
폭란의 브레스,SID_暴乱のブレス
세흐림니르,SID_セーフリムニル
증기의 브레스,SID_蒸気のブレス
조개껍데기 나이프,SID_貝殻のナイフ
조개껍데기 나이프+,SID_貝殻のナイフ＋
홍색의 검,SID_紅の剣
사랑의 제기,SID_愛の祭器
사리엘의 낫,SID_サリエルの大鎌
염해의 작창,SID_炎海の灼槍
해마의 도끼,SID_竜の落とし子の斧
해마의 도끼+,SID_竜の落とし子の斧＋
봉검 팔시온,SID_封剣ファルシオン
열대어의 책,SID_熱帯魚の本
열대어의 책+,SID_熱帯魚の本＋
조개껍데기,SID_貝殻
조개껍데기+,SID_貝殻＋
루나의 예검,SID_ルーナの鋭剣
고용된 마도사의 서,SID_雇われ魔道士の書
유정의 브레스,SID_幽静のブレス
유정의 브레스+,SID_幽静のブレス＋
뱀의 지팡이,SID_蛇の杖
뱀의 지팡이+,SID_蛇の杖＋
세츠나의 완궁,SID_セツナの緩弓
암흑지룡의 브레스,SID_暗黒地竜のブレス
암흑의 검,SID_暗黒の剣
쌍야에 춤추는 도적의 깃털,SID_双夜舞う怪盗の羽根
샴시르,SID_シャムシール
샤니의 철창,SID_シャニーの誓槍
전신의 예검,SID_戦神の鋭剣
조개껍데기 창,SID_貝殻の槍
조개껍데기 창+,SID_貝殻の槍＋
소라고둥 창,SID_巻貝の槍
소라고둥 창+,SID_巻貝の槍＋
샤인,SID_シャイン
샤인+,SID_シャイン＋
샤이닝 보우,SID_シャイニングボウ
샤이닝 보우+,SID_シャイニングボウ＋
모래사장의 괭이,SID_砂浜のクワ
모래사장의 괭이+,SID_砂浜のクワ＋
단궁,SID_短弓
단궁+,SID_短弓＋
닌자의 수리검 도끼,SID_忍の三叉斧
닌자의 수리검 도끼+,SID_忍の三叉斧＋
지크프리트,SID_ジークフリート
지크린데,SID_ジークリンデ
지크문트,SID_ジークムント
투마룡의 힘,SID_透魔竜の力
실레지아의 빙정,SID_シレジアの氷晶
은의 도끼,SID_銀の斧
은의 도끼+,SID_銀の斧＋
은의 활,SID_銀の弓
은의 활+,SID_銀の弓＋
진은의 성검,SID_真銀の聖剣
은의 암기,SID_銀の暗器
은의 암기+,SID_銀の暗器＋
은 고블릿,SID_銀のゴブレット
은 고블릿+,SID_銀のゴブレット＋
은의 창,SID_銀の槍
은의 창+,SID_銀の槍＋
은의 검,SID_銀の剣
은의 검+,SID_銀の剣＋
신마라,SID_シンモラ
스카디,SID_スカディ
스킨팍시,SID_スキンファクシ
스쿨드,SID_スクルド
천공의 해적의 취조,SID_天空の海賊の嘴爪
천마의 춤부채,SID_青天の舞扇
천마의 춤부채+,SID_青天の舞扇＋
킬러 액스,SID_キラーアクス2
킬러 액스 단+,SID_キラーアクス2＋
킬러 보우 단,SID_キラーボウ2
킬러 보우 단+,SID_キラーボウ2＋
킬소드 단,SID_キルソード2
킬소드 단+,SID_キルソード2＋
해머 단,SID_ハンマー2
해머 단+,SID_ハンマー2＋
킬러 랜스 단,SID_キラーランス2
킬러 랜스 단+,SID_キラーランス2＋
관통의 창 단,SID_貫きの槍2
관통의 창 단+,SID_貫きの槍2＋
슬로우,SID_スロウ
슬로우+,SID_スロウ＋
자연의 암기,SID_紫煙の暗器
자연의 암기+,SID_紫煙の暗器＋
웃는 얼굴의 도끼,SID_笑面の斧
냉소의 유궁,SID_冷笑の遊弓
저격수의 활,SID_狙撃手の弓
신조의 은혜,SID_神祖の恵み
스노우 돔,SID_スノードーム
스노우 돔+,SID_スノードーム＋
쇠크바베크,SID_セクヴァベク
솔레이유의 양검,SID_ソレイユの陽剣
고고의 검,SID_孤高の剣
솔 카티,SID_ソールカティ
태양,SID_太陽槍
숨어든 밀정의 향수병,SID_影潜む密偵の香水瓶
모염의 서,SID_慕炎の書
하정의 매묘의 조아,SID_賀正の妹猫の爪牙
아살의 창,SID_アッサルの槍
그림자 영웅의 창,SID_影の英雄の槍
고스트의 마도서,SID_ゴーストの魔道書
고스트의 마도서+,SID_ゴーストの魔道書＋
대부호의 활,SID_お大尽の弓
대부호의 활+,SID_お大尽の弓＋
비싼 곡도,SID_安くない曲刀
거미 인형,SID_クモのぬいぐるみ
거미 인형+,SID_クモのぬいぐるみ＋
정령의 브레스,SID_精霊のブレス
사기왕성의 도끼,SID_士気旺盛の斧
사기왕성의 도끼+,SID_士気旺盛の斧＋
사기왕성의 창,SID_士気旺盛の槍
사기왕성의 창+,SID_士気旺盛の槍＋
사기왕성의 검,SID_士気旺盛の剣
사기왕성의 검+,SID_士気旺盛の剣＋
정령의 숲의 비서,SID_精霊の森の秘本
신천의 목욕통,SID_神泉の風呂桶
신천의 목욕통+,SID_神泉の風呂桶＋
호박 행등,SID_カボチャの行灯
호박 행등+,SID_カボチャの行灯＋
봄볕의 지팡이,SID_春陽の杖
봄토끼의 도끼,SID_春兎の斧
봄토끼의 도끼+,SID_春兎の斧＋
봄토끼의 활,SID_春兎の弓
봄토끼의 활+,SID_春兎の弓＋
봄토끼의 창,SID_春兎の槍
봄토끼의 창+,SID_春兎の槍＋
부정한 곡궁,SID_邪な曲弓
밀정의 암기,SID_密偵の暗器
로스톤의 영장,SID_ロストンの霊杖
성녀의 지팡이,SID_聖女の杖
감사의 꽃 지팡이,SID_感謝の花の杖
감사의 꽃 지팡이+,SID_感謝の花の杖＋
성제의 지팡이,SID_聖祭の杖
성제의 지팡이+,SID_聖祭の杖＋
충신의 검,SID_忠臣の剣
불가사리,SID_ヒトデ
불가사리+,SID_ヒトデ＋
성야의 마술사의 용석,SID_星夜の魔術師の竜石
해각의 성창,SID_海角の星槍
호위의 도끼,SID_護衛の斧
호위의 도끼+,SID_護衛の斧＋
호위의 창,SID_護衛の槍
호위의 창+,SID_護衛の槍＋
호위의 검,SID_護衛の剣
호위의 검+,SID_護衛の剣＋
미래의 성기사의 창,SID_未来の聖騎士の槍
강철의 도끼,SID_鋼の斧
강철의 활,SID_鋼の弓
강철의 암기,SID_鋼の暗器
강철의 창,SID_鋼の槍
강철의 검,SID_鋼の剣
락,SID_ロック
뇌검 지크린데,SID_雷剣ジークリンデ
견고의 도끼,SID_堅固の斧
견고의 도끼+,SID_堅固の斧＋
견고의 창,SID_堅固の槍
견고의 창+,SID_堅固の槍＋
강부 토마호크,SID_剛斧トマホーク
업화 폴블레이즈,SID_業炎フォルブレイズ
전신의 단단한 철검,SID_戦神の剛なる鉄剣
천제의 파동,SID_天帝の波動
한여름의 브레스,SID_真夏のブレス
한여름의 신보,SID_一夏の楽器
성하의 신보,SID_盛夏の神宝
백야의 용석,SID_白夜の竜石
해바라기 활,SID_向日葵の弓
해바라기 활+,SID_向日葵の弓＋
여름그늘의 영장,SID_夏陰の霊杖
놀람의 브레스,SID_一驚のブレス
놀람의 브레스+,SID_一驚のブレス＋
생존본능의 활,SID_生存本能の弓
행복을 나르는 겨울의 성과,SID_幸運ぶ冬の聖菓
질궁 뮬그레,SID_疾弓ミュルグレ
기사의 맹세의 창,SID_騎士の誓いの槍
쉴르그,SID_シュルグ
군사의 뇌서,SID_軍師の雷書
군사의 풍서,SID_軍師の風書
타그엘의 조아,SID_タグエルの爪牙
질풍의 쌍수리검,SID_疾風の双手裏剣
달레카의 격부,SID_ダルレカの激斧
성수 지팡이,SID_聖樹の杖
성수 지팡이+,SID_聖樹の杖＋
작은 성수,SID_小さな聖樹
작은 성수+,SID_小さな聖樹＋
성수,SID_聖樹
성수+,SID_聖樹＋
성수 활,SID_クリスマスツリー
성수 활+,SID_クリスマスツリー＋
탕그리스니르,SID_タングリスニ
테마리,SID_手毬
테마리+,SID_手毬＋
흑질풍의 조부,SID_黒疾風の爪斧
세이니,SID_セイニー
사랴의 금주,SID_サーリャの禁呪
숙청의 암기,SID_粛清の暗器
숙청의 암기+,SID_粛清の暗器＋
쇠근,SID_ソグン
쉐크,SID_セック
장미의 창,SID_薔薇の槍
트론,SID_トロン
트론+,SID_トロン＋
선더,SID_サンダー
뇌신 토르해머,SID_雷神トールハンマー
천뢰 알마즈,SID_天雷アルマーズ
뇌정,SID_雷霆
분뇌의 자서,SID_怒雷の紫書
뇌선의 서,SID_雷旋トルネード
호랑이의 강부,SID_虎の剛斧
호신 인,SID_虎神・寅
마시멜로 지팡이,SID_マシュマロの杖
마시멜로 지팡이+,SID_マシュマロの杖＋
토마토의 책,SID_トマトの本
토마토의 책+,SID_トマトの本＋
파멸의 사서,SID_破滅の邪書
총애의 서,SID_寵愛の書
그라드의 역사서,SID_グラドの史書
마도군장의 서,SID_魔道軍将の書
순리의 서,SID_純理の書
은의 마도군장의 서,SID_銀の魔道軍将の書
만뢰의 서,SID_万雷の書
트론,SID_トローン
천마자매의 삼각창,SID_天馬姉妹の三角槍
트라이던트,SID_トライデント
트라이던트+,SID_トライデント＋
트릴레마,SID_トリレンマ
트릴레마+,SID_トリレンマ＋
남국의 과실,SID_南国の果実
남국의 과실+,SID_南国の果実＋
한결같은 마음의 장미,SID_一途な想いの薔薇
쌍문장의 힘,SID_双紋章の力
업화의 쌍도끼,SID_業火の双斧
틸핑,SID_ティルフィング
고절의 도끼,SID_孤絶の斧
고절의 도끼+,SID_孤絶の斧＋
고절의 검,SID_孤絶の剣
고절의 검+,SID_孤絶の剣＋
고절의 창,SID_孤絶の槍
고절의 창+,SID_孤絶の槍＋
평화의 꽃,SID_平和の花
평화의 꽃+,SID_平和の花＋
푸른 파도치는 강력의 노,SID_蒼波薙ぐ剛力の櫂
정정당당의 검,SID_正々堂々の剣
정정당당의 검+,SID_正々堂々の剣＋
울드,SID_ウルズ
우르반,SID_ウルヴァン
바프스루드니르,SID_ヴァフスルーズニル
발라스캴프,SID_ヴラスキャルヴ
파라플레임,SID_ファラフレイム
수비의 창,SID_守りの槍
수비의 창+,SID_守りの槍＋
검희의 도,SID_剣姫の刀
펠니르의 요란,SID_フェルニルの妖卵
유암 발라스캴프,SID_幽暗ヴラスキャルヴ
복수귀의 창,SID_復讐鬼の槍
독의 검,SID_毒の剣
베르단디,SID_ヴェルザンディ
성배의 보틀,SID_祝杯のボトル
성배의 보틀+,SID_祝杯のボトル＋
고강자의 창,SID_古強者の槍
맹공의 암기,SID_猛攻の暗器
맹공의 암기+,SID_猛攻の暗器＋
가다랑어,SID_カツオ
가다랑어+,SID_カツオ＋
패도의 전부,SID_覇道の戦斧
비도프니르,SID_翼槍ヴィドフニル
지성 나가,SID_至聖ナーガ
지성 틸핑,SID_至聖ティルフィング
절무의 서,SID_絶無の書
푸지,SID_プージ
독수리의 도끼,SID_禿鷹の斧
독수리의 도끼+,SID_禿鷹の斧＋
독수리의 검,SID_禿鷹の剣
독수리의 검+,SID_禿鷹の剣＋
일본풍 우산,SID_和傘
일본풍 우산+,SID_和傘＋
유랑의 예검,SID_流浪の鋭剣
신퇴 묠니르,SID_神槌ミョルニル
군신의 서,SID_軍神の書
무인의 철검,SID_武人の鉄剣
전희의 화궁,SID_戦姫の和弓
물의 브레스,SID_水のブレス
물의 브레스+,SID_水のブレス＋
행복의 종 도끼,SID_幸せの鐘の斧
중전사의 중창,SID_重騎士の重槍
기이 루테의 서,SID_奇異ルーテの書
어린 짐승의 화신 중장,SID_幼獣の化身・重装
어린 짐승의 화신 기마,SID_幼獣の化身・騎馬
어린 짐승의 화신 보행,SID_幼獣の化身・歩行
유려한 전무의 성기,SID_流麗なる戦舞の聖器
하얀 파도의 활,SID_白波の弓
하얀 파도의 활+,SID_白波の弓＋
하얀 비상의 창,SID_白き飛翔の槍
백기사의 장검,SID_白騎の長剣
백기사의 직창,SID_白騎の直槍
백기사의 단창,SID_白騎の短槍
폭주의 호랑이의 조아,SID_暴走の虎の爪牙
윈드,SID_ウインド
깊은 증표의 바람,SID_深き印の風
바람의 근원,SID_風呼びの根源
취풍 파르티아,SID_翠風パルティア
징조의 바람,SID_予兆の風
실레지아의 바람,SID_シレジアの風
전신의 풍서,SID_戦神の風書
부익 윙스피어,SID_扶翼ウイングスピア
윙소드,SID_ウイングソード
겨울축제의 자돌검,SID_冬祭のレイピア
겨울축제의 자돌검+,SID_冬祭のレイピア＋
마녀의 브레스,SID_魔女のブレス
캔디 지팡이,SID_キャンディの杖
캔디 지팡이+,SID_キャンディの杖＋
왜도,SID_倭刀
왜도+,SID_倭刀＋
왜곤,SID_倭棍
왜곤+,SID_倭棍＋
볼프베르그,SID_ヴォルフベルグ
인랑낭의 조아,SID_人狼娘の爪牙
늑대여왕의 어금니,SID_狼女王の牙
인랑왕의 조아,SID_人狼王の爪牙
사해의 제기,SID_四海の祭器
용닌의 검,SID_竜忍の剣
용닌의 검+,SID_竜忍の剣＋
애용에게의 마음의 용부,SID_愛竜への情の竜斧
용닌의 궁,SID_竜忍の弓
용닌의 궁+,SID_竜忍の弓＋
야신도,SID_夜刀神
젊은 짐승의 화신 중장,SID_若獣の化身・重装
젊은 짐승의 화신 기마,SID_若獣の化身・騎馬
젊은 짐승의 화신 보행,SID_若獣の化身・歩行
영생 유미르,SID_永生ユーミル
참마도,SID_斬馬刀
참마도+,SID_斬馬刀＋
봄바람의 브레스,SID_春風のブレス
샬피,SID_シャールヴィ
